HomeID,CurrentWaterLevel,ElectricityUsage,Power,PumpRunningStatus,timestamp
1,35,1.8287998864848394,1.716803524891883,True,20-09-2024 00:00
2,31,4.511182301133636,1.422759700494439,False,20-09-2024 01:00
1,85,2.541680694294321,1.7390621259819852,False,20-09-2024 02:00
2,4,2.8959181444375144,1.7138357146788479,True,20-09-2024 03:00
1,23,3.69112774627264,0.20560967104622963,False,20-09-2024 04:00
2,52,1.9738674735281698,1.4219440299789283,True,20-09-2024 05:00
1,45,3.4503528534023253,0.48586481704745976,False,20-09-2024 06:00
2,47,2.521469440566478,1.2156959200471622,True,20-09-2024 07:00
1,79,1.359168986888017,1.2511940416457077,False,20-09-2024 08:00
2,58,4.778326917353606,0.9000839234302824,True,20-09-2024 09:00
1,51,0.14018181432253585,0.9465788841498732,False,20-09-2024 10:00
2,23,4.736430017269724,0.18495506659320715,True,20-09-2024 11:00
1,43,2.7517231209896256,0.7134314273030735,True,20-09-2024 12:00
2,56,4.311409962034243,0.5089762583822608,True,20-09-2024 13:00
1,74,2.9984330977496647,1.8988677994233434,True,20-09-2024 14:00
2,50,2.0165225418447634,0.5306075058833131,True,20-09-2024 15:00
1,62,4.396534164885338,1.8061492542400803,False,20-09-2024 16:00
2,11,4.127175176813052,1.1488190617458938,False,20-09-2024 17:00
1,60,0.5778875641625036,1.0134880302064508,False,20-09-2024 18:00
2,43,0.455477907823027,1.9352572807284236,False,20-09-2024 19:00
1,82,0.1773432215226023,0.6139578923925839,True,20-09-2024 20:00
2,71,0.7993200773742903,1.9893553729333189,True,20-09-2024 21:00
1,52,0.17706109093578337,0.8168905865364746,False,20-09-2024 22:00
2,5,2.596814239270829,0.6407564385505249,False,20-09-2024 23:00
1,42,0.8352659538848678,0.9944437729489133,True,21-09-2024 00:00
2,17,4.9601397813345836,1.3903396433181807,False,21-09-2024 01:00
1,46,0.9104348442923821,1.6366436026109041,True,21-09-2024 02:00
2,12,3.6972110591128104,0.6263097323375209,True,21-09-2024 03:00
1,99,4.763066268981716,0.6995867514360607,True,21-09-2024 04:00
2,89,0.8886510036826001,1.6681725741448639,True,21-09-2024 05:00
1,39,3.5037975516661275,0.6303773216861046,True,21-09-2024 06:00
2,32,0.752842922976566,0.5545127692053438,False,21-09-2024 07:00
1,5,3.4798718624434137,0.7183693973529239,False,21-09-2024 08:00
2,11,1.992147057545559,0.8083748132847297,True,21-09-2024 09:00
1,41,0.368649686578727,0.732122488050511,True,21-09-2024 10:00
2,10,3.144544500704213,1.1808634957570603,True,21-09-2024 11:00
1,12,3.6294180040038104,0.3341300979477262,False,21-09-2024 12:00
2,81,3.8002949477008756,0.49410463098429336,True,21-09-2024 13:00
1,47,2.2881999331989897,1.372832765244173,False,21-09-2024 14:00
2,43,2.8387762285160036,1.7853157907858888,True,21-09-2024 15:00
1,29,0.6689402537706812,1.9653660274183806,True,21-09-2024 16:00
2,10,4.81819795584094,0.3979651816417864,True,21-09-2024 17:00
1,88,4.864398220640047,0.8246457701329768,True,21-09-2024 18:00
2,47,4.415872418811989,0.8325198171929789,False,21-09-2024 19:00
1,71,3.3023801239017354,1.5137836796068709,True,21-09-2024 20:00
2,36,3.492004342389592,1.6822388008247875,False,21-09-2024 21:00
1,60,1.166379507716221,1.552506475238794,True,21-09-2024 22:00
2,66,3.4731698288911184,1.4594281481576619,False,21-09-2024 23:00
1,32,1.1843522630319692,1.4030239266197422,False,22-09-2024 00:00
2,47,4.908272727760677,1.07924312528342,False,22-09-2024 01:00
1,20,2.070423705915785,1.5767951574628485,False,22-09-2024 02:00
2,51,0.22848521070116423,1.7966513115406704,True,22-09-2024 03:00
1,35,0.7663501896906255,0.5358428859689106,False,22-09-2024 04:00
2,75,1.6546438574018063,0.5453678811193678,True,22-09-2024 05:00
1,69,0.1452708628502214,0.38256138833352615,False,22-09-2024 06:00
2,81,0.07483391042879262,1.7556779401038507,False,22-09-2024 07:00
1,91,1.1498718654828406,1.3586366685058153,True,22-09-2024 08:00
2,40,3.685978112149396,0.9974067997785028,False,22-09-2024 09:00
1,99,1.9061809858692653,0.2178597407863463,False,22-09-2024 10:00
2,43,2.8678844776623365,0.42623456815603067,True,22-09-2024 11:00
1,64,3.576438228767793,0.7453362352349382,False,22-09-2024 12:00
2,70,4.549410162591227,1.7402906832237761,True,22-09-2024 13:00
1,62,3.8939345551221183,1.8383700009732478,False,22-09-2024 14:00
2,39,2.680083757341905,1.1630250036769043,False,22-09-2024 15:00
1,95,3.1708833782586323,0.40781819907100014,True,22-09-2024 16:00
2,51,2.968105757571773,0.24439747637984532,True,22-09-2024 17:00
1,97,0.9961555867523603,0.9344018384529946,False,22-09-2024 18:00
2,56,0.7184908158944303,0.32314990161151846,True,22-09-2024 19:00
1,46,4.719853247138034,1.8157110232356115,False,22-09-2024 20:00
2,4,2.5182379558631123,1.486942359456022,False,22-09-2024 21:00
1,32,4.949959741510714,0.5454687966273974,False,22-09-2024 22:00
2,99,3.1960255346702926,1.032515943257751,True,22-09-2024 23:00
1,13,2.0054680883084615,0.435383754297785,True,23-09-2024 00:00
2,88,3.6378722087014785,0.013285428039025327,True,23-09-2024 01:00
1,82,2.7545057059570297,1.001129514735079,True,23-09-2024 02:00
2,53,3.442501731775703,0.9704260660894117,False,23-09-2024 03:00
1,55,1.6148177020395211,1.4932997324793322,True,23-09-2024 04:00
2,77,1.9259526621690604,1.6613758223493016,False,23-09-2024 05:00
1,83,2.8748088129445653,1.5892289954113987,False,23-09-2024 06:00
2,87,1.1542796512923947,1.6035661380045914,False,23-09-2024 07:00
1,36,0.018597838573038428,0.09241328187434905,True,23-09-2024 08:00
2,71,0.5326416623071994,1.6880464557078458,True,23-09-2024 09:00
1,76,0.09161759336299369,1.5893253131644516,False,23-09-2024 10:00
2,100,0.30616451720756943,1.5147019041964072,True,23-09-2024 11:00
1,15,1.829784856093672,1.5491634943618486,True,23-09-2024 12:00
2,85,2.372991264662402,1.552575302072801,False,23-09-2024 13:00
1,99,1.7515553916466697,1.4556517939261608,True,23-09-2024 14:00
2,73,0.8976663521589867,1.0642871690166138,True,23-09-2024 15:00
1,22,2.4855163281925607,1.4833928608103684,True,23-09-2024 16:00
2,12,2.2778868806301427,0.5831006804291263,True,23-09-2024 17:00
1,80,4.995357003925787,0.3666747140319029,True,23-09-2024 18:00
2,36,3.7327247102387835,0.2815121561752505,False,23-09-2024 19:00
1,0,2.6056226023084674,1.0242732172390978,False,23-09-2024 20:00
2,13,2.8984340720371717,1.8561641279823793,True,23-09-2024 21:00
1,52,3.4182528014817026,0.9366432600034007,False,23-09-2024 22:00
2,15,2.495810361680888,1.2938568030452398,True,23-09-2024 23:00
1,26,0.32100522781951246,0.6301519169180507,True,24-09-2024 00:00
2,51,2.733035076155876,0.9236163932040113,True,24-09-2024 01:00
1,6,3.6836805209698893,0.95847918129272,True,24-09-2024 02:00
2,92,4.569411637965635,0.9539675950691393,False,24-09-2024 03:00
1,43,1.3255389826898079,1.472773216747212,False,24-09-2024 04:00
2,15,4.955584224127183,0.8371902144309171,True,24-09-2024 05:00
1,32,0.3818786024704235,1.7617624338790208,True,24-09-2024 06:00
2,45,4.935492594157058,1.5127634391562694,True,24-09-2024 07:00
1,61,0.616654662887347,1.700205727523674,False,24-09-2024 08:00
2,58,0.9923692571927489,1.7587443225402672,False,24-09-2024 09:00
1,11,1.665221654106579,1.6183986916002362,False,24-09-2024 10:00
2,77,0.37437858821766756,1.5123097768299498,False,24-09-2024 11:00
1,19,0.978978969792591,1.3562992631807484,True,24-09-2024 12:00
2,78,2.933316509871939,0.915193116968904,True,24-09-2024 13:00
1,12,2.1286670175748075,0.2212988761273884,True,24-09-2024 14:00
2,62,2.836593248022765,0.3301747244195852,True,24-09-2024 15:00
1,59,4.162140260337419,0.12335380804641005,False,24-09-2024 16:00
2,47,3.1780222336806974,0.5642880567400359,True,24-09-2024 17:00
1,19,3.3819823861759106,0.3437231269453984,False,24-09-2024 18:00
2,34,0.7458446999715918,0.5211100506040278,True,24-09-2024 19:00
1,71,2.7195802174393586,0.9822186207582952,True,24-09-2024 20:00
2,10,3.1308505124511923,0.8793168794555082,True,24-09-2024 21:00
1,68,4.5318328953603935,0.6603326382016712,False,24-09-2024 22:00
2,22,1.8901974549727207,0.3376755587525724,False,24-09-2024 23:00
1,49,1.2828641486983117,0.4112387862392177,True,25-09-2024 00:00
2,60,0.050189426798291636,0.657983981406008,False,25-09-2024 01:00
1,71,4.662042443050757,0.6349576498830545,True,25-09-2024 02:00
2,33,0.6266539923289677,0.9225665272826702,True,25-09-2024 03:00
1,82,2.54069198814095,1.4134712078202827,True,25-09-2024 04:00
2,72,4.494581342243106,1.1757420870979027,False,25-09-2024 05:00
1,74,3.967961222013716,1.816920684878812,False,25-09-2024 06:00
2,39,2.921512307149796,1.271409609918442,True,25-09-2024 07:00
1,70,0.6011719694934642,0.45800069879373595,False,25-09-2024 08:00
2,55,1.096042010896996,0.9469614329742935,False,25-09-2024 09:00
1,47,0.2093397884504672,1.1294351129448843,True,25-09-2024 10:00
2,3,0.5299242391530051,1.6025912695975253,True,25-09-2024 11:00
1,94,0.8707111354366986,1.5355031289722871,True,25-09-2024 12:00
2,7,0.6733825527700593,0.3747414925910282,False,25-09-2024 13:00
1,70,2.192646357828287,0.6928467235682285,True,25-09-2024 14:00
2,2,2.50125971022743,0.9767350407770141,True,25-09-2024 15:00
1,59,1.6578520191932737,0.2706401702145629,True,25-09-2024 16:00
2,55,1.435647061127615,1.6666997654358364,False,25-09-2024 17:00
1,21,2.1606929241317103,1.8689799312512576,False,25-09-2024 18:00
2,11,1.4320003403850063,0.5453907169504171,False,25-09-2024 19:00
1,43,1.3211824401888983,0.6012215418620925,True,25-09-2024 20:00
2,56,0.001828222168767657,1.8312500660776756,True,25-09-2024 21:00
1,36,1.0470668497676265,0.4350267308871574,True,25-09-2024 22:00
2,17,3.94562797309706,0.05754115949259875,False,25-09-2024 23:00
1,87,0.05117063329889038,0.0532003497634046,False,26-09-2024 00:00
2,25,2.770874366525592,0.3118586910168619,True,26-09-2024 01:00
1,69,2.1882040378523886,1.9421794240715782,True,26-09-2024 02:00
2,5,0.5566131111878381,1.516244763214845,True,26-09-2024 03:00
1,35,2.047674355459547,1.5403875429359324,False,26-09-2024 04:00
2,46,1.4547719280654965,1.311747906123099,True,26-09-2024 05:00
1,9,1.4261593138343531,1.0956683869836592,True,26-09-2024 06:00
2,60,0.3771042952763176,0.8370001000165859,True,26-09-2024 07:00
1,47,3.62880522774638,1.277135331294127,True,26-09-2024 08:00
2,30,1.197326325243691,1.8122625599339397,True,26-09-2024 09:00
1,29,2.7358854831921446,0.42865366240583613,False,26-09-2024 10:00
2,96,3.4193078702779607,1.010658753357174,False,26-09-2024 11:00
1,36,1.6163003247251484,1.0213053699295553,True,26-09-2024 12:00
2,94,4.410598803494609,1.508290736040772,False,26-09-2024 13:00
1,52,4.18837776389214,1.3512614343636271,False,26-09-2024 14:00
2,1,4.700791693773998,0.2277988954046124,False,26-09-2024 15:00
1,39,0.33958203574893986,0.6413758065364572,True,26-09-2024 16:00
2,48,2.9718500726269816,0.9610479316350031,False,26-09-2024 17:00
1,49,0.002686239794936207,1.2532138663451942,True,26-09-2024 18:00
2,96,2.704922878046736,0.3013529194959932,False,26-09-2024 19:00
1,99,3.604509478810289,1.3450914313570488,True,26-09-2024 20:00
2,78,3.811107888645522,0.5845382955955822,True,26-09-2024 21:00
1,35,2.3217839150256503,0.884217101993005,False,26-09-2024 22:00
2,41,0.02177364581047503,1.4100677229310057,True,26-09-2024 23:00
1,20,4.81462825997735,0.5887900245408426,True,27-09-2024 00:00
2,59,1.2441269275536841,1.641372960457103,False,27-09-2024 01:00
1,84,0.48956145839807674,1.936687542912572,True,27-09-2024 02:00
2,53,0.9667488311554373,0.26691403501042044,True,27-09-2024 03:00
1,51,0.12604286780959428,0.1904833938074879,True,27-09-2024 04:00
2,44,2.095622066647682,0.39273237899368696,True,27-09-2024 05:00
1,25,1.846947794148945,0.2646553032547674,False,27-09-2024 06:00
2,32,2.211952799004619,1.1388546765804461,False,27-09-2024 07:00
1,44,2.8995693727228273,0.8689371224739479,False,27-09-2024 08:00
2,38,0.1544251769394639,1.9099548889911704,True,27-09-2024 09:00
1,19,0.3639111802257622,0.5188009356106407,True,27-09-2024 10:00
2,95,2.0103030699584905,0.7449969713031632,False,27-09-2024 11:00
1,96,3.177181099192033,0.4893724087993383,False,27-09-2024 12:00
2,96,2.3357644395748203,0.6358871889081779,False,27-09-2024 13:00
1,78,2.3583247677883374,0.700695193665456,False,27-09-2024 14:00
2,39,1.206204866598829,1.5831834034115702,False,27-09-2024 15:00
1,31,2.827839736480442,0.816317752501859,True,27-09-2024 16:00
2,57,3.5901766681825826,1.4019601997413311,False,27-09-2024 17:00
1,15,0.5621821009266692,0.06815592330364839,False,27-09-2024 18:00
2,10,1.0038401826386885,0.9726788323376518,False,27-09-2024 19:00
1,47,0.33240626754866,0.10796165676502745,False,27-09-2024 20:00
2,73,4.5004182568316615,0.08705562577469794,True,27-09-2024 21:00
1,85,2.3951217117444457,0.0932013180473219,False,27-09-2024 22:00
2,35,4.786356791481975,1.3118400018935987,False,27-09-2024 23:00
1,67,3.286910450755269,1.7353962211776162,False,28-09-2024 00:00
2,60,4.901551923092762,1.7028098777740952,False,28-09-2024 01:00
1,59,4.3069942408503845,1.21700477435391,False,28-09-2024 02:00
2,45,0.02341851317132826,0.7086587013380119,True,28-09-2024 03:00
1,94,4.143537087413652,0.16065966774571994,False,28-09-2024 04:00
2,41,2.8257211177911334,1.48646256195055,False,28-09-2024 05:00
1,66,3.970717550800406,0.9705950130014742,False,28-09-2024 06:00
2,51,1.3617812167369943,1.6687248904843726,True,28-09-2024 07:00
1,76,0.3645882602228151,1.623418805077396,False,28-09-2024 08:00
2,53,1.1217477577267139,1.6166338763138464,True,28-09-2024 09:00
1,52,1.6379927418509426,0.5221519955161684,True,28-09-2024 10:00
2,56,1.1996634766275638,1.9516054131101972,False,28-09-2024 11:00
1,69,3.6206015289884723,0.19939836536380873,True,28-09-2024 12:00
2,65,1.7115204313708658,1.0176073014278364,True,28-09-2024 13:00
1,4,0.6946318524721756,1.1534386236712697,True,28-09-2024 14:00
2,57,0.6587551845691425,1.413196631859392,True,28-09-2024 15:00
1,57,4.4037065771342,0.18960902867174667,True,28-09-2024 16:00
2,29,1.0810820987048713,0.6781133559429557,False,28-09-2024 17:00
1,80,2.160585402953168,0.794579737675164,False,28-09-2024 18:00
2,87,1.0184528912693025,1.5982485460240388,False,28-09-2024 19:00
1,67,4.279661300924051,1.7259772582323405,False,28-09-2024 20:00
2,93,2.5932292221905455,1.2803647117170103,False,28-09-2024 21:00
1,20,4.201920978328162,1.679899070613936,True,28-09-2024 22:00
2,77,2.282034893231555,0.005777104486516471,True,28-09-2024 23:00
1,99,4.296942568485339,0.32158575448338267,True,29-09-2024 00:00
2,72,1.0144711671293298,0.9289436160104043,False,29-09-2024 01:00
1,20,0.4284678353849397,1.3712022489480653,True,29-09-2024 02:00
2,77,4.465076989066627,1.1931779259848967,True,29-09-2024 03:00
1,86,0.8666470611187199,0.8686153323724393,True,29-09-2024 04:00
2,70,2.2820402995148115,0.5099769892832153,False,29-09-2024 05:00
1,77,3.3271362251500642,0.537183299584375,False,29-09-2024 06:00
2,17,2.0167444216314774,1.4001890781510342,False,29-09-2024 07:00
1,52,1.6487352057976001,0.5930836126250205,False,29-09-2024 08:00
2,64,1.4018996224356455,0.24293377852589537,False,29-09-2024 09:00
1,76,1.8429051346739551,1.9212771497168992,False,29-09-2024 10:00
2,40,4.912572173308657,0.2929235928995355,True,29-09-2024 11:00
1,52,2.6336598796563493,1.953390083702997,False,29-09-2024 12:00
2,52,2.96807083355813,1.8883403618321608,False,29-09-2024 13:00
1,88,0.3470627302507129,1.7474870455051628,True,29-09-2024 14:00
2,78,1.664646934803657,1.6670889485132412,True,29-09-2024 15:00
1,73,2.629976392298393,1.0370423397932766,False,29-09-2024 16:00
2,32,1.5766726654185992,1.331995631862086,True,29-09-2024 17:00
1,73,2.3452719207735795,1.1440634364220421,False,29-09-2024 18:00
2,13,4.323753014183181,1.8600701012543182,False,29-09-2024 19:00
1,78,0.9511401964066718,0.42545294207590656,True,29-09-2024 20:00
2,14,1.8537826469296925,0.6817740639480452,True,29-09-2024 21:00
1,20,2.1514166422988987,1.4657535012094387,False,29-09-2024 22:00
2,84,0.1417676521007427,1.6631961656148884,False,29-09-2024 23:00
1,2,4.862654967436643,0.09050265393936474,False,30-09-2024 00:00
2,48,4.7476763408744835,0.5220010123735221,True,30-09-2024 01:00
1,6,0.2912043180260415,1.7963159112077869,True,30-09-2024 02:00
2,21,1.653766161950937,0.9346283154695607,True,30-09-2024 03:00
1,99,2.156292971886156,1.9250967100627514,True,30-09-2024 04:00
2,75,0.509227874874269,1.389119547636313,False,30-09-2024 05:00
1,87,0.11636380447095085,1.4865989622616131,True,30-09-2024 06:00
2,34,4.391752844502077,1.7879453013031223,True,30-09-2024 07:00
1,81,0.04308097508383457,1.5299156918676708,False,30-09-2024 08:00
2,13,3.2649072348337578,1.2814074540629528,False,30-09-2024 09:00
1,9,0.9709326368208754,1.2383957761711641,True,30-09-2024 10:00
2,19,1.704015851464968,0.6777142140725962,False,30-09-2024 11:00
1,21,1.8571100814824193,1.1555092786920436,False,30-09-2024 12:00
2,77,0.08012768959063721,0.632588129550482,False,30-09-2024 13:00
1,58,0.49238619963364816,0.227952504927043,True,30-09-2024 14:00
2,78,2.7833221563453576,0.07550936106299311,False,30-09-2024 15:00
1,53,4.004322838974279,1.1948593267916343,True,30-09-2024 16:00
2,95,0.49471110467942836,1.6766518601020919,False,30-09-2024 17:00
1,63,2.842900982335042,1.8207331029124219,False,30-09-2024 18:00
2,15,2.3485257869048306,0.9610604061305856,True,30-09-2024 19:00
1,75,4.812662274905887,1.936307971498279,True,30-09-2024 20:00
2,42,3.931517553943839,1.7428907747035463,False,30-09-2024 21:00
1,50,0.9113155871692308,0.18818010451811285,True,30-09-2024 22:00
2,6,1.712375112139214,0.6815108831604944,True,30-09-2024 23:00
1,26,3.082547636768455,1.0950200486747403,True,01-10-2024 00:00
2,21,3.5318191190067996,1.3742204442408812,True,01-10-2024 01:00
1,37,1.3337605935562657,0.2576126515490029,True,01-10-2024 02:00
2,46,4.920614219980571,1.5187994491251662,False,01-10-2024 03:00
1,38,0.8316816646017267,0.365171470546777,True,01-10-2024 04:00
2,74,0.443896462948446,0.8102282538823304,False,01-10-2024 05:00
1,85,0.8062142615601736,1.6659689702222593,False,01-10-2024 06:00
2,96,4.88225335549078,0.9639440744190686,False,01-10-2024 07:00
1,71,3.683756553391568,1.6424029037689107,False,01-10-2024 08:00
2,75,3.0349081426495896,0.5306356316209577,True,01-10-2024 09:00
1,99,3.322015640373736,0.6005488216349899,True,01-10-2024 10:00
2,28,3.3927532685001296,1.768942522106595,False,01-10-2024 11:00
1,99,1.6588317521549922,1.8904448489590517,True,01-10-2024 12:00
2,66,2.3876903675133154,0.9703979195762416,False,01-10-2024 13:00
1,88,4.708065840692891,1.1819707982302003,False,01-10-2024 14:00
2,78,1.6705806753432817,0.769063523500302,False,01-10-2024 15:00
1,62,1.4737281283505677,0.8694396711449146,False,01-10-2024 16:00
2,83,2.0664064053685784,0.6436650957106302,False,01-10-2024 17:00
1,36,3.03963713976247,1.5767565086684012,True,01-10-2024 18:00
2,20,3.4226234932986492,0.23303868185634125,True,01-10-2024 19:00
1,71,2.772402756156611,0.30029423667531385,False,01-10-2024 20:00
2,47,2.2508182098286174,0.08295747246900076,True,01-10-2024 21:00
1,81,1.8859685616319828,1.0610249071869327,False,01-10-2024 22:00
2,39,4.424377759808902,1.1161632852344454,True,01-10-2024 23:00
1,45,2.2772787315446013,0.21037323633880534,True,02-10-2024 00:00
2,47,2.9332179774094227,0.12605973945913562,True,02-10-2024 01:00
1,99,3.056188145128335,0.8318257818820307,True,02-10-2024 02:00
2,19,1.1534115448403086,0.7349569045820408,True,02-10-2024 03:00
1,53,3.4832889009216044,0.3165368996998883,True,02-10-2024 04:00
2,86,1.6766819785734854,0.9679254505199995,False,02-10-2024 05:00
1,51,0.19464682162449454,1.1924942270593908,True,02-10-2024 06:00
2,87,4.774534710192444,1.1532131266769994,True,02-10-2024 07:00
1,54,0.8917930260572171,0.2013224387348227,False,02-10-2024 08:00
2,74,4.599361189772286,0.45561109084840523,True,02-10-2024 09:00
1,96,2.779685648359334,1.3262084777870697,False,02-10-2024 10:00
2,22,3.251342264824542,1.9052354695599685,True,02-10-2024 11:00
1,0,4.34926237018436,0.4768122648223396,True,02-10-2024 12:00
2,11,0.06857572004584422,0.09983409601664528,False,02-10-2024 13:00
1,7,3.3281373556690004,0.2618475336096808,False,02-10-2024 14:00
2,41,4.008595052824487,0.9597356551778387,True,02-10-2024 15:00
1,46,1.5141107498878859,1.044378920199089,False,02-10-2024 16:00
2,40,4.326185391499425,1.723947507431164,False,02-10-2024 17:00
1,50,2.862195146283323,1.6709946706286785,True,02-10-2024 18:00
2,92,2.1371050610835196,1.9200713877752782,False,02-10-2024 19:00
1,21,2.0696138242448763,0.5195447301592424,False,02-10-2024 20:00
2,96,3.7596587180281644,0.8077513008527495,True,02-10-2024 21:00
1,24,2.7105198091898464,0.4828897178593512,False,02-10-2024 22:00
2,59,1.9738667947312476,0.7959913149562075,False,02-10-2024 23:00
1,14,3.624420650920515,1.6130046659108526,True,03-10-2024 00:00
2,19,1.6255666047124935,0.09387656432266311,False,03-10-2024 01:00
1,82,2.641996431759131,0.8303711412254802,False,03-10-2024 02:00
2,40,4.473976780158026,1.0741963975252906,False,03-10-2024 03:00
1,54,0.551851326461435,0.40749853969553507,True,03-10-2024 04:00
2,92,4.020156438027288,1.544119536080983,True,03-10-2024 05:00
1,39,0.8403745720265821,0.13736124976478647,False,03-10-2024 06:00
2,51,2.8589992606688326,1.7473763195537866,False,03-10-2024 07:00
1,30,4.1768548276144095,0.36136732484537215,False,03-10-2024 08:00
2,17,2.9724838028543705,0.09792259568418138,False,03-10-2024 09:00
1,62,4.583909754418249,1.0079706622273192,True,03-10-2024 10:00
2,11,4.577206071196638,0.7082167247570241,False,03-10-2024 11:00
1,26,3.3540187649655273,0.14908427214238795,False,03-10-2024 12:00
2,5,0.8037754215022641,1.0156945769634487,False,03-10-2024 13:00
1,36,1.8016192675708154,1.722449453728691,False,03-10-2024 14:00
2,98,2.5423542183195105,1.5255777194735434,True,03-10-2024 15:00
1,17,2.6445288425472007,0.15222254413381986,True,03-10-2024 16:00
2,16,1.7003665781375616,0.894932813271651,False,03-10-2024 17:00
1,48,4.62894540596534,1.2345053542818671,False,03-10-2024 18:00
2,78,3.9897362095800606,0.3666110700712142,False,03-10-2024 19:00
1,59,2.1738662878502977,0.05950392984121766,False,03-10-2024 20:00
2,34,0.14497350917779706,1.5596596625100245,False,03-10-2024 21:00
1,8,3.9936410271435774,1.5305844099814303,False,03-10-2024 22:00
2,33,3.7000888226207413,0.04676174845527603,False,03-10-2024 23:00
1,43,4.248858726790554,0.5977875036148543,True,04-10-2024 00:00
2,88,1.6485578538133216,1.9722778237549607,True,04-10-2024 01:00
1,23,1.3100780041015687,0.8891604063103347,False,04-10-2024 02:00
2,27,4.965429443402201,1.559514586391691,False,04-10-2024 03:00
1,17,3.505090181590252,1.7700498646529896,False,04-10-2024 04:00
2,68,2.199381303181689,0.7560523920609457,False,04-10-2024 05:00
1,20,4.480145786628892,0.3225608343128161,True,04-10-2024 06:00
2,61,1.2772656502330937,1.0013665692101756,False,04-10-2024 07:00
1,27,2.1868741769161404,1.086114492850968,True,04-10-2024 08:00
2,77,3.522098448086096,1.6540922949676686,False,04-10-2024 09:00
1,49,0.9564405774954038,1.7857178942267236,True,04-10-2024 10:00
2,55,4.041746657271479,1.879146082606486,False,04-10-2024 11:00
1,58,1.6703988680776987,1.360426833404735,False,04-10-2024 12:00
2,16,2.133876591895791,0.7970380479131101,True,04-10-2024 13:00
1,73,3.796025209751368,1.0517242507633673,True,04-10-2024 14:00
2,76,2.680351218791291,0.21123636062592888,True,04-10-2024 15:00
1,8,0.01468023413410402,1.4851460575706588,False,04-10-2024 16:00
2,83,2.143740205346443,1.6860963005239236,False,04-10-2024 17:00
1,83,4.064821375631734,1.5779073360263334,True,04-10-2024 18:00
2,85,0.09291300185137297,1.161442836645844,False,04-10-2024 19:00
1,86,3.101355679456312,0.8068256746850602,False,04-10-2024 20:00
2,75,2.3346116507166776,1.824593356483901,True,04-10-2024 21:00
1,92,0.6450311026550992,0.8739902048005692,True,04-10-2024 22:00
2,79,0.11678020759941732,1.4665761712427992,True,04-10-2024 23:00
1,9,3.213344883218172,0.7757287849464034,True,05-10-2024 00:00
2,73,3.723056618668153,0.4614550300138083,False,05-10-2024 01:00
1,40,2.42006623320258,1.520376822177835,True,05-10-2024 02:00
2,62,4.184403085288345,1.0320430176589532,True,05-10-2024 03:00
1,91,4.447159719688468,0.04870646283917912,False,05-10-2024 04:00
2,48,3.698005600565451,1.13292722443311,True,05-10-2024 05:00
1,48,0.8488678662628529,0.6682738799956063,True,05-10-2024 06:00
2,0,0.9162829891871593,0.05330331063073834,True,05-10-2024 07:00
1,51,4.373074692980856,0.36754866538998754,False,05-10-2024 08:00
2,40,2.864494277811171,1.3645068586711233,False,05-10-2024 09:00
1,69,0.9201271988296866,1.414899487159681,False,05-10-2024 10:00
2,94,1.601595042775303,0.3879336256647332,True,05-10-2024 11:00
1,95,4.9649867604626445,1.2953261378564498,False,05-10-2024 12:00
2,48,4.5943469108330675,0.7733689902218741,True,05-10-2024 13:00
1,33,0.029705826332757646,1.7124756196602233,False,05-10-2024 14:00
2,11,2.2239580488134107,1.653554635473286,True,05-10-2024 15:00
1,2,2.036962144312575,1.9015105921891786,True,05-10-2024 16:00
2,9,0.3733364913248216,0.18692259905055408,False,05-10-2024 17:00
1,93,4.462291734914733,1.518819753081817,True,05-10-2024 18:00
2,66,3.823656451982924,0.7924396392404749,False,05-10-2024 19:00
1,73,4.557944738241905,1.2090159344953206,True,05-10-2024 20:00
2,6,4.349220935377321,1.5097174411507526,False,05-10-2024 21:00
1,92,3.6179071312161564,1.648775362933702,False,05-10-2024 22:00
2,54,3.3098682996475333,1.1369320406147279,True,05-10-2024 23:00
1,53,3.029701841593797,0.6433531441375753,True,06-10-2024 00:00
2,47,1.820308430242591,0.3497401360158785,False,06-10-2024 01:00
1,36,4.609097456987824,0.195124350160933,True,06-10-2024 02:00
2,31,1.8105936051302862,0.5809556286504609,True,06-10-2024 03:00
1,51,0.8115316359199248,1.7500112475920322,True,06-10-2024 04:00
2,98,4.153267878875539,0.2594334016974422,True,06-10-2024 05:00
1,20,1.9238472884358933,0.36751179535442335,False,06-10-2024 06:00
2,51,0.7104920019940042,0.993714138237703,True,06-10-2024 07:00
1,9,0.8557028755131013,1.069635422688291,True,06-10-2024 08:00
2,55,0.1834492685743061,1.413250615110168,True,06-10-2024 09:00
1,29,2.6281700198418716,0.5069676696219501,True,06-10-2024 10:00
2,82,1.7450798270833068,0.9136671378731243,False,06-10-2024 11:00
1,31,0.5043177608780747,1.80609074046621,False,06-10-2024 12:00
2,20,0.654919906689645,0.7681338389137722,False,06-10-2024 13:00
1,49,2.8166241548749134,0.11996066220279333,False,06-10-2024 14:00
2,51,4.721305879058117,1.467563679855978,True,06-10-2024 15:00
1,1,2.713110454309971,1.4785612024696615,False,06-10-2024 16:00
2,65,0.37384315219147535,0.58772836386914,False,06-10-2024 17:00
1,49,3.8174802327309654,0.1800620219787572,True,06-10-2024 18:00
2,5,2.4338809625206825,0.5096086741789088,False,06-10-2024 19:00
1,80,4.1057418656847435,0.9693917489438493,False,06-10-2024 20:00
2,93,2.123898685977573,1.3554839860997698,True,06-10-2024 21:00
1,81,3.314203498804389,1.6928047831350723,True,06-10-2024 22:00
2,41,1.7056516776891584,1.7328251384630178,True,06-10-2024 23:00
1,15,2.927474712279461,0.04776878439929777,True,07-10-2024 00:00
2,62,1.8520760088573263,1.1963383565740868,False,07-10-2024 01:00
1,2,1.553020025502343,0.8779948961229609,False,07-10-2024 02:00
2,2,2.8256669186146377,0.9145522279359726,True,07-10-2024 03:00
1,82,4.525480437338802,1.6862574921980766,True,07-10-2024 04:00
2,73,2.215935136945511,1.5193294603290162,True,07-10-2024 05:00
1,49,3.904932911577717,1.8583543443416968,False,07-10-2024 06:00
2,93,2.7718012471955475,0.6207733793868702,True,07-10-2024 07:00
1,57,1.5746280377509358,1.0050207839710226,False,07-10-2024 08:00
2,41,3.337322066332475,0.6736650301734852,True,07-10-2024 09:00
1,0,1.7984365315252675,0.6643680903220235,True,07-10-2024 10:00
2,39,2.760798182252096,0.05235425069146804,False,07-10-2024 11:00
1,94,2.703357759143036,0.0828725383831086,False,07-10-2024 12:00
2,88,3.3761669109568797,1.1581621475762653,True,07-10-2024 13:00
1,73,4.523239641225697,0.4788302303200269,False,07-10-2024 14:00
2,27,4.30770403251607,0.01688894291151799,False,07-10-2024 15:00
1,51,0.7485701204917072,0.6263141978317643,False,07-10-2024 16:00
2,93,3.2148620074667984,0.7641077451590657,False,07-10-2024 17:00
1,50,3.054371014673843,1.2206242015778628,True,07-10-2024 18:00
2,21,3.462545208395162,0.007830035593660023,True,07-10-2024 19:00
1,28,0.9142369311361903,1.2012795729139933,False,07-10-2024 20:00
2,1,3.066135213752787,1.2100596153006655,False,07-10-2024 21:00
1,68,4.326454954711277,1.2722010787746565,False,07-10-2024 22:00
2,44,4.866047542099173,1.1191811910816818,False,07-10-2024 23:00
1,43,0.4225853240228383,0.9686602011578198,True,08-10-2024 00:00
2,56,0.006611958346158242,0.507414552243652,True,08-10-2024 01:00
1,4,2.209963611707848,1.3101924034671226,True,08-10-2024 02:00
2,18,2.411276881790123,1.8997643458074882,False,08-10-2024 03:00
1,42,3.6020800212988524,1.1592346341211257,False,08-10-2024 04:00
2,84,1.037370157138549,0.7752085488275653,True,08-10-2024 05:00
1,43,1.7785933149088047,1.9408006692363695,True,08-10-2024 06:00
2,84,2.608462135848054,1.1048705549148718,False,08-10-2024 07:00
1,10,4.562221801208338,1.089808761786373,True,08-10-2024 08:00
2,36,3.9346545291960204,1.3644492817795084,True,08-10-2024 09:00
1,58,0.7892845950731897,1.175844598625398,False,08-10-2024 10:00
2,43,3.099514957663259,1.457758534956167,False,08-10-2024 11:00
1,40,1.8203940688071345,1.0924230701552586,False,08-10-2024 12:00
2,11,0.9897260893473642,0.5012080212276848,True,08-10-2024 13:00
1,4,4.184845092266012,1.3084115045126063,False,08-10-2024 14:00
2,77,3.1653287621118253,0.6394985410648104,False,08-10-2024 15:00
1,13,2.7459839637092114,1.1346603317731225,False,08-10-2024 16:00
2,18,3.9372616124861604,1.7004061560334396,True,08-10-2024 17:00
1,81,4.753992644632105,1.2258001615950078,True,08-10-2024 18:00
2,60,0.645473075243092,1.4346475184076424,True,08-10-2024 19:00
1,98,1.7766310154576537,1.8450384811715126,True,08-10-2024 20:00
2,19,1.3415736357980057,0.10239363037776372,True,08-10-2024 21:00
1,23,4.628395370249517,0.44995783566152103,True,08-10-2024 22:00
2,87,0.08652356561223873,1.4085274004997361,False,08-10-2024 23:00
1,18,2.6365102417080664,0.29178840529355843,True,09-10-2024 00:00
2,52,0.6186518571839023,0.11161760342088534,False,09-10-2024 01:00
1,80,1.8380614951421799,0.8616460952443243,True,09-10-2024 02:00
2,46,4.268063749904193,0.24664205414815688,True,09-10-2024 03:00
1,66,4.848924004532528,1.4026088909561527,True,09-10-2024 04:00
2,46,2.9623402305308844,0.16363071677901253,False,09-10-2024 05:00
1,70,4.229628807328558,0.16316562994067096,True,09-10-2024 06:00
2,1,0.8978529584217387,0.5104717104663712,True,09-10-2024 07:00
1,64,1.5946932637822937,1.0745563842794255,True,09-10-2024 08:00
2,73,0.564981021004865,0.6325448011288566,False,09-10-2024 09:00
1,86,4.963658392234,1.1356785418605593,False,09-10-2024 10:00
2,36,3.487779173804893,1.8256717669575946,True,09-10-2024 11:00
1,78,0.5751905077663594,1.826948330314677,True,09-10-2024 12:00
2,98,3.275459211524697,0.6963001705700449,False,09-10-2024 13:00
1,52,4.00234520379027,0.3779964706811896,False,09-10-2024 14:00
2,1,1.1282177337909183,0.40146871184751975,True,09-10-2024 15:00
1,85,2.0201120137472444,1.2999494831711187,True,09-10-2024 16:00
2,95,3.8196126321373662,1.5212960613335194,False,09-10-2024 17:00
1,19,3.972620831400255,1.1991504005822298,True,09-10-2024 18:00
2,11,1.24026447743179,0.6128125792911179,False,09-10-2024 19:00
1,85,0.7639062227777599,1.8416304213990173,False,09-10-2024 20:00
2,40,0.8469130839003469,0.1884339917506268,True,09-10-2024 21:00
1,83,4.769740251184525,1.8074730278686697,False,09-10-2024 22:00
2,52,1.1129387582550365,1.6817586935613622,False,09-10-2024 23:00
1,35,3.5304006627906803,0.9848934898818795,True,10-10-2024 00:00
2,96,2.799487159711463,1.3890107755394487,False,10-10-2024 01:00
1,20,4.928052839492703,1.361242436007264,True,10-10-2024 02:00
2,42,4.7874879941727615,0.7173394722434445,True,10-10-2024 03:00
1,24,1.2096630591421331,1.0417103669506529,True,10-10-2024 04:00
2,80,0.3780480010798465,0.09602134420410557,False,10-10-2024 05:00
1,57,3.7075132054968507,0.17118645921442788,True,10-10-2024 06:00
2,38,4.54548996723449,1.8014650588234558,True,10-10-2024 07:00
1,60,3.930439810095405,1.2748057891659388,True,10-10-2024 08:00
2,65,3.3199448032016465,0.6280164367066823,True,10-10-2024 09:00
1,45,0.20445564400962402,0.6701558768281433,False,10-10-2024 10:00
2,20,2.1186249086237052,0.48856133354712994,False,10-10-2024 11:00
1,39,0.5067263467621347,1.694138520206449,False,10-10-2024 12:00
2,85,3.6965168803258415,0.1752354619685359,True,10-10-2024 13:00
1,24,2.2092031267112033,1.7438276068463898,False,10-10-2024 14:00
2,0,2.130088427872119,1.2145747580809414,True,10-10-2024 15:00
1,56,3.6935073935470775,1.4265514944237792,True,10-10-2024 16:00
2,37,3.7650208207947005,0.32901441540654086,True,10-10-2024 17:00
1,41,4.957571882724778,0.8726456589004585,True,10-10-2024 18:00
2,22,2.5838525024756613,1.5647906499307938,False,10-10-2024 19:00
1,41,1.5754957450877916,0.828845576625358,False,10-10-2024 20:00
2,77,2.9106427528481453,0.7002514521913978,True,10-10-2024 21:00
1,15,0.8310951028841401,0.9512802294227076,True,10-10-2024 22:00
2,65,3.0593579840405782,0.7813943057588539,True,10-10-2024 23:00
1,47,4.934104855682386,0.4596430009853667,True,11-10-2024 00:00
2,43,0.24315958690112327,0.06715518744002758,False,11-10-2024 01:00
1,61,1.1693536696562767,1.8886564545112143,False,11-10-2024 02:00
2,93,1.9114026017353076,1.9372971331617463,False,11-10-2024 03:00
1,90,1.1712714340901564,0.456667958456596,True,11-10-2024 04:00
2,78,4.707904801894613,0.9634099754304826,False,11-10-2024 05:00
1,14,2.9335610166864523,1.908897688164176,True,11-10-2024 06:00
2,60,0.6759632794250398,0.4818528779697322,False,11-10-2024 07:00
1,20,2.501033868723172,0.49931528581163476,True,11-10-2024 08:00
2,17,1.1023838453329011,1.4463113615014298,True,11-10-2024 09:00
1,57,4.322139288477515,1.262250338270027,True,11-10-2024 10:00
2,70,2.01808669484441,1.6873627993987883,True,11-10-2024 11:00
1,1,3.7727888831909784,0.42826296774515327,False,11-10-2024 12:00
2,5,4.695438485410369,1.6498011307741824,True,11-10-2024 13:00
1,58,0.8719938483141931,1.4725933456911648,True,11-10-2024 14:00
2,64,1.790007643364489,0.30189381514447144,True,11-10-2024 15:00
1,72,3.511769285583112,1.8469579418349038,False,11-10-2024 16:00
2,22,3.9302801371256364,0.7872854279462551,True,11-10-2024 17:00
1,38,4.588221497537765,0.3784754632680629,True,11-10-2024 18:00
2,1,3.1530413261784607,0.835986012832113,False,11-10-2024 19:00
1,51,3.9730720818536156,1.0595223637962972,True,11-10-2024 20:00
2,59,3.6220186107676,1.2578120202938994,False,11-10-2024 21:00
1,98,0.1106114141792236,1.6369985502996052,False,11-10-2024 22:00
2,57,0.6242357020844042,1.5124632359249393,True,11-10-2024 23:00
1,26,4.395005859229936,1.728592586731263,True,12-10-2024 00:00
2,23,4.005728822594293,0.6682776231685168,True,12-10-2024 01:00
1,63,3.9156080599775676,0.26943358505902215,False,12-10-2024 02:00
2,35,2.254104771352909,1.8031705692059037,False,12-10-2024 03:00
1,72,1.8860852665657701,1.5442818480022433,False,12-10-2024 04:00
2,94,1.4479976193024302,1.448730554573061,True,12-10-2024 05:00
1,17,2.6502878578266067,0.7120380988056809,True,12-10-2024 06:00
2,61,0.585981040379232,1.0510199274988332,False,12-10-2024 07:00
1,87,0.24181671871583765,1.3171775142466529,False,12-10-2024 08:00
2,37,0.6501881241217705,0.8553513385822062,False,12-10-2024 09:00
1,43,0.20136389594143211,1.0918192728045104,True,12-10-2024 10:00
2,77,2.5736044005794834,0.5379207392603726,False,12-10-2024 11:00
1,1,1.651476808849064,0.7448354726092343,False,12-10-2024 12:00
2,56,4.025615804857307,1.9281183858981188,False,12-10-2024 13:00
1,91,2.3804213182698324,0.8587059489774747,True,12-10-2024 14:00
2,11,2.6504720607560857,0.5259676398882818,False,12-10-2024 15:00
1,49,0.6595748957869957,1.8742699941449925,True,12-10-2024 16:00
2,43,4.537408654749267,0.2848817926792342,True,12-10-2024 17:00
1,69,0.13741559241262302,1.292593535114029,False,12-10-2024 18:00
2,89,2.1814968941009107,0.9122103328597626,True,12-10-2024 19:00
1,55,1.9369540226794424,1.0099783321916795,True,12-10-2024 20:00
2,3,0.6683711127827674,0.3630570920108105,False,12-10-2024 21:00
1,65,4.800184900024067,0.5057415165823977,True,12-10-2024 22:00
2,51,2.113750438059727,1.029113112958918,False,12-10-2024 23:00
1,19,1.2103129335854694,1.3636766216779217,True,13-10-2024 00:00
2,52,0.02618942087086129,1.3841853666666415,False,13-10-2024 01:00
1,2,2.427489616777561,1.0064177454231034,True,13-10-2024 02:00
2,78,0.5432321519967337,1.101646938030682,True,13-10-2024 03:00
1,64,3.8682961040286914,0.07853733981165956,True,13-10-2024 04:00
2,16,1.6509395958663298,1.7982645379736286,True,13-10-2024 05:00
1,40,0.40525262297135656,0.3105492534726484,True,13-10-2024 06:00
2,27,2.184460385380312,1.2377131214140562,False,13-10-2024 07:00
1,20,2.394097212888851,0.6271826658043766,False,13-10-2024 08:00
2,13,2.637152968905101,0.9471695669208662,True,13-10-2024 09:00
1,54,0.007715204714923152,1.8353271898907033,True,13-10-2024 10:00
2,25,1.1876401504089973,1.5653433007749336,False,13-10-2024 11:00
1,3,1.690527602802769,1.7988604682041922,True,13-10-2024 12:00
2,37,4.474943822414093,1.6154392728506812,False,13-10-2024 13:00
1,2,2.9757670557804845,1.5465255954914099,True,13-10-2024 14:00
2,53,4.541685023586879,1.1271487616972224,True,13-10-2024 15:00
1,85,2.2610889689983127,0.02312910209227015,False,13-10-2024 16:00
2,48,1.2675758531438568,1.1793014118256102,True,13-10-2024 17:00
1,45,0.17042414368770964,0.5679567858150807,False,13-10-2024 18:00
2,32,4.2667862744582665,0.3206791581093802,False,13-10-2024 19:00
1,74,0.3350989756674433,1.088874700458583,True,13-10-2024 20:00
2,46,1.731318402764589,0.17089972952159238,True,13-10-2024 21:00
1,73,3.0130783303770947,1.4037297736254386,True,13-10-2024 22:00
2,22,2.260383062636861,1.4116572181622884,True,13-10-2024 23:00
1,68,4.797297433694791,1.0341125914559701,True,14-10-2024 00:00
2,74,1.4842493431701413,1.9273520543233595,True,14-10-2024 01:00
1,17,1.1952609181868574,1.2508009953000014,False,14-10-2024 02:00
2,11,2.027514374784637,0.760577699026652,False,14-10-2024 03:00
1,41,2.5411095691372627,1.2637819462800706,True,14-10-2024 04:00
2,57,4.389478261815282,1.9783630545673798,True,14-10-2024 05:00
1,66,3.9408009025403463,1.1914318473984125,True,14-10-2024 06:00
2,48,4.450806563964227,0.8515437645432555,True,14-10-2024 07:00
1,23,1.5578633170150176,1.454116023875793,False,14-10-2024 08:00
2,94,2.176580526743674,1.882614421810489,False,14-10-2024 09:00
1,23,4.293532006153526,1.603752082347927,False,14-10-2024 10:00
2,66,0.35134677452087926,0.06223704019684373,True,14-10-2024 11:00
1,62,2.6519607232331173,0.7928352349252732,True,14-10-2024 12:00
2,48,0.7870510994853552,1.7944486087505662,True,14-10-2024 13:00
1,11,2.0991057049585216,0.22787517813779257,False,14-10-2024 14:00
2,38,3.1941435163955156,0.29021437134932326,True,14-10-2024 15:00
1,85,0.17682355573272135,1.1905295176969093,False,14-10-2024 16:00
2,47,0.5720539345335857,1.0166199980732513,False,14-10-2024 17:00
1,25,1.0361996769457589,1.3700928916917938,False,14-10-2024 18:00
2,94,3.181286525991637,1.2766387023942658,False,14-10-2024 19:00
1,17,1.65542447429537,1.1193453324589686,False,14-10-2024 20:00
2,56,1.9743099742161518,1.372305168725522,False,14-10-2024 21:00
1,86,4.410131285429472,1.0129520973575628,True,14-10-2024 22:00
2,47,4.5118314784045115,0.4297871895213601,False,14-10-2024 23:00
1,89,4.861673619426529,0.004190134398094569,False,15-10-2024 00:00
2,28,0.07006037768562623,0.3410298830802514,False,15-10-2024 01:00
1,41,1.8082211979060498,0.4908776525861609,True,15-10-2024 02:00
2,79,3.7296736084879405,1.5110939060066246,False,15-10-2024 03:00
1,63,2.6368677196951813,1.2988337642862546,True,15-10-2024 04:00
2,97,3.40498272883037,0.10097017925010476,False,15-10-2024 05:00
1,20,4.4916269869458105,0.7930255392382386,True,15-10-2024 06:00
2,8,0.30988607368023,1.2296482132472946,False,15-10-2024 07:00
1,53,2.2299937794562377,1.144262697361792,True,15-10-2024 08:00
2,11,2.3635736338756215,0.3752325976526749,True,15-10-2024 09:00
1,70,1.6751168138129091,1.8766187177261442,False,15-10-2024 10:00
2,15,2.597747323330228,0.9922141477991697,True,15-10-2024 11:00
1,21,4.196256522364466,1.9462598309600136,True,15-10-2024 12:00
2,71,2.5463481456880106,0.40635861007211416,False,15-10-2024 13:00
1,30,3.4285885250647583,1.8249492212404055,False,15-10-2024 14:00
2,28,1.4736068290750919,0.253735247800392,False,15-10-2024 15:00
1,68,2.429306403094296,1.0998283206264095,False,15-10-2024 16:00
2,32,4.807175235549416,1.4517525095986636,False,15-10-2024 17:00
1,68,4.801704344637262,0.8902241569311369,False,15-10-2024 18:00
2,100,2.0484788704146513,0.8288153483752347,True,15-10-2024 19:00
1,32,3.8306700982872908,0.5653374503727491,True,15-10-2024 20:00
2,57,3.888792570755879,1.5050656591736806,False,15-10-2024 21:00
1,40,0.24388508854331914,0.7562250506302155,True,15-10-2024 22:00
2,6,0.8224026009370822,1.949065895814209,True,15-10-2024 23:00
1,79,2.6670073935829985,1.1680293403629225,False,16-10-2024 00:00
2,68,0.7888712935048869,0.5521360382087441,True,16-10-2024 01:00
1,76,0.6461448079852533,0.7211959891478419,True,16-10-2024 02:00
2,74,4.470253477814828,0.12965653926125342,False,16-10-2024 03:00
1,39,4.597781625763839,1.0921972401855604,False,16-10-2024 04:00
2,92,0.8265153953713383,1.304490051737788,False,16-10-2024 05:00
1,11,0.3048379202726542,0.2564061258012653,False,16-10-2024 06:00
2,95,1.0269431019291724,1.3844971772824108,True,16-10-2024 07:00
1,90,1.9159317270369725,1.7522736821039502,True,16-10-2024 08:00
2,93,3.4167004734391386,0.6426069219210917,True,16-10-2024 09:00
1,64,1.5398665134671035,1.2240677176064922,False,16-10-2024 10:00
2,4,4.182998913041842,0.08302703313394666,False,16-10-2024 11:00
1,42,4.655579400002814,0.5990418729254139,False,16-10-2024 12:00
2,43,3.7644260442078004,1.8003544054740583,False,16-10-2024 13:00
1,6,0.9058270805020779,1.244613958140339,False,16-10-2024 14:00
2,79,2.2985727334051616,1.1971324419163145,False,16-10-2024 15:00
1,52,1.6815242963669657,0.17356852004463907,False,16-10-2024 16:00
2,64,4.045408539959874,0.848551714239359,False,16-10-2024 17:00
1,61,0.6558567899588358,0.24519874828568944,False,16-10-2024 18:00
2,44,4.376610793128592,1.8079384775854008,True,16-10-2024 19:00
1,8,1.9984722834347801,0.5423041227013545,True,16-10-2024 20:00
2,56,1.6335331955343302,0.3084019647387408,True,16-10-2024 21:00
1,15,3.838665390263194,0.09581217655520957,False,16-10-2024 22:00
2,67,0.8323247394709826,1.8113407332230576,False,16-10-2024 23:00
1,28,3.684323630445632,1.8221695452309714,True,17-10-2024 00:00
2,54,1.0977127817544678,1.8701950380331218,False,17-10-2024 01:00
1,14,1.067590693253437,1.872046073820151,True,17-10-2024 02:00
2,12,1.5082275146023623,1.2309698806118448,True,17-10-2024 03:00
1,59,3.8093516577895405,0.5217412907602352,False,17-10-2024 04:00
2,32,1.7576502712157822,1.7379732890138195,True,17-10-2024 05:00
1,86,0.043720466841111194,1.174053454786476,False,17-10-2024 06:00
2,61,1.5634414848056521,1.2685511666386269,False,17-10-2024 07:00
1,98,2.9090236091348642,1.3738108361460581,True,17-10-2024 08:00
2,61,2.178172320081556,1.0419742274620865,True,17-10-2024 09:00
1,69,4.153865354737999,1.8626373302209362,False,17-10-2024 10:00
2,31,2.049085582761033,0.3665969931760833,False,17-10-2024 11:00
1,26,4.624261488641077,0.9636411729182324,True,17-10-2024 12:00
2,20,4.366089133110506,1.8812130679481998,False,17-10-2024 13:00
1,65,2.268525462762197,1.390171598132357,True,17-10-2024 14:00
2,55,3.238134330765749,1.285820964133544,False,17-10-2024 15:00
1,37,1.2442087833347086,0.8424498225534776,True,17-10-2024 16:00
2,43,4.740541750140153,1.3030050389228305,True,17-10-2024 17:00
1,66,0.37722810474922763,0.10922552723848256,False,17-10-2024 18:00
2,10,2.0257513603388144,0.41746881470996433,False,17-10-2024 19:00
1,100,2.7200778088966744,1.5155694654556462,True,17-10-2024 20:00
2,37,0.792421046921552,0.18838842339033302,True,17-10-2024 21:00
1,83,4.226899145300363,1.969023427567637,True,17-10-2024 22:00
2,57,0.2857332009979474,1.9962794639674282,False,17-10-2024 23:00
1,90,1.8001108905841106,0.025677444918829506,True,18-10-2024 00:00
2,72,0.2882681877082638,0.34295407292982216,True,18-10-2024 01:00
1,83,0.0995319280560536,0.8740203938688231,False,18-10-2024 02:00
2,53,3.621434980819723,0.015441619754246183,False,18-10-2024 03:00
1,2,0.6302822012038994,0.008346391689159738,False,18-10-2024 04:00
2,80,0.7324771991105766,0.9469071186492755,False,18-10-2024 05:00
1,65,2.7242483662952273,1.9689821942950776,True,18-10-2024 06:00
2,72,2.3017933987730337,1.7145793296266245,True,18-10-2024 07:00
1,22,0.7496227660646348,0.56278702139243,False,18-10-2024 08:00
2,65,4.543660856230109,1.188186250678083,False,18-10-2024 09:00
1,10,3.9372262550024533,1.1065371401393496,False,18-10-2024 10:00
2,74,2.476836362051664,1.7880060637854331,True,18-10-2024 11:00
1,30,4.814773098963798,0.3243054992864389,True,18-10-2024 12:00
2,36,0.8953078542864001,1.3697871638078631,True,18-10-2024 13:00
1,42,2.3381604146943995,0.9500319299851472,True,18-10-2024 14:00
2,11,1.7550840680845998,1.2995188773605084,True,18-10-2024 15:00
1,45,4.9924170945492925,0.9207706027075517,True,18-10-2024 16:00
2,1,0.06683568487149683,1.9139912214768118,True,18-10-2024 17:00
1,31,2.346847474897778,0.17905774917535466,False,18-10-2024 18:00
2,40,3.367196951774476,0.5141429198964464,False,18-10-2024 19:00
1,12,3.1340374318170365,1.7949931525454677,False,18-10-2024 20:00
2,21,1.4304737620954917,1.4698584430666792,False,18-10-2024 21:00
1,43,2.035374828682326,0.007512328119234191,False,18-10-2024 22:00
2,3,1.0931387553532912,1.7996447007933143,True,18-10-2024 23:00
1,10,2.0912080678811087,0.6325642537239584,False,19-10-2024 00:00
2,48,2.487946740288244,0.9976268226803131,False,20-09-2024 00:00
1,5,1.1318754330696872,0.5674787852386538,True,20-09-2024 01:00
2,50,1.6488585467063033,0.09082211806244889,True,20-09-2024 02:00
1,69,4.242249218188849,0.08339849137207667,True,20-09-2024 03:00
2,68,0.2403426536538994,0.9201829775367201,False,20-09-2024 04:00
1,49,4.877570960107663,1.9004815454286437,False,20-09-2024 05:00
2,98,1.6662878607688376,1.42700315119809,True,20-09-2024 06:00
1,34,0.6358278464361,1.0190314769740263,False,20-09-2024 07:00
2,18,0.7386706570245477,0.7491504496328962,True,20-09-2024 08:00
1,32,1.336569770418965,0.4735813007725853,False,20-09-2024 09:00
2,68,3.3662917229371567,1.9848839577527495,False,20-09-2024 10:00
1,74,0.8331552935863268,0.7797559005882113,False,20-09-2024 11:00
2,32,2.3800629337768067,0.07252298019703729,False,20-09-2024 12:00
1,99,2.3993696673474645,1.8502824909908038,False,20-09-2024 13:00
2,6,3.862642961541316,1.7124677296971456,True,20-09-2024 14:00
1,3,1.1392991395261753,1.672447836413965,False,20-09-2024 15:00
2,14,3.461651308775701,1.2655293727337569,False,20-09-2024 16:00
1,90,0.3993935099434742,0.782489973854541,False,20-09-2024 17:00
2,71,2.3526122439145745,0.29316415579598387,True,20-09-2024 18:00
1,9,2.0192375096584407,0.8449020338649251,False,20-09-2024 19:00
2,17,2.988325982264925,0.3549522368145195,False,20-09-2024 20:00
1,69,2.0834531472927313,1.0981615926570423,True,20-09-2024 21:00
2,88,3.1791223441883987,0.058947465427164,False,20-09-2024 22:00
1,3,2.0543738445902915,1.8175274640613128,False,20-09-2024 23:00
2,32,3.2189676784397965,1.97296026226889,True,21-09-2024 00:00
1,98,1.8352057374594892,1.4653176350855073,False,21-09-2024 01:00
2,82,0.1878286860088596,1.7342148899120744,True,21-09-2024 02:00
1,100,3.906066253566462,0.08446178051805919,False,21-09-2024 03:00
2,84,0.551285545993695,1.7790580690352507,False,21-09-2024 04:00
1,51,3.3630212677486364,0.19456879522567672,True,21-09-2024 05:00
2,49,3.336837618749824,1.2222252643500313,False,21-09-2024 06:00
1,62,4.976283447383868,0.21071340199231003,True,21-09-2024 07:00
2,86,3.3385592836335287,0.19457160905906923,False,21-09-2024 08:00
1,64,1.5291022137911625,0.9861268310982731,False,21-09-2024 09:00
2,48,3.954768448790533,0.7857069480661703,True,21-09-2024 10:00
1,33,1.6096334606625757,1.5146480284007713,True,21-09-2024 11:00
2,43,2.0999949160177183,1.0005497208326284,True,21-09-2024 12:00
1,58,4.159411177304609,0.23401455052602027,False,21-09-2024 13:00
2,24,2.069744268178639,1.3707403128847861,False,21-09-2024 14:00
1,37,1.3864664125668442,1.8677932290195152,False,21-09-2024 15:00
2,82,2.1578561382544574,1.0039628084606165,True,21-09-2024 16:00
1,94,1.1519816503632323,1.4648762480513462,False,21-09-2024 17:00
2,77,1.95580523185648,0.41310274702901917,True,21-09-2024 18:00
1,66,3.820448577457606,1.9526729676685086,True,21-09-2024 19:00
2,9,4.032849545861913,1.6966890362836062,False,21-09-2024 20:00
1,16,0.5850743972088779,1.5041940157533786,False,21-09-2024 21:00
2,6,2.047326036539477,1.6722695269541636,False,21-09-2024 22:00
1,94,3.6049075543399405,1.3118159267643865,True,21-09-2024 23:00
2,4,2.150468998418771,0.4281170269239114,True,22-09-2024 00:00
1,57,3.055527003717324,1.7246976036188797,False,22-09-2024 01:00
2,38,0.6474178523229351,0.285263502507886,False,22-09-2024 02:00
1,77,2.081036752731275,1.1497273846736376,True,22-09-2024 03:00
2,12,3.396460391087683,1.0540202758858686,True,22-09-2024 04:00
1,1,4.475971235692399,1.5070284389757727,True,22-09-2024 05:00
2,88,4.309344244833726,1.3029122578097847,True,22-09-2024 06:00
1,23,0.6658691098900088,0.19919049952451906,False,22-09-2024 07:00
2,65,1.5952080320506112,0.3086942056737847,False,22-09-2024 08:00
1,84,2.8616697924511687,1.388498174214996,False,22-09-2024 09:00
2,12,1.7683402606337602,1.835330940620725,False,22-09-2024 10:00
1,0,2.191317812927305,1.4514470220574365,True,22-09-2024 11:00
2,13,3.6991849299340833,1.0195122300185662,False,22-09-2024 12:00
1,49,1.523315525343718,1.9273366291706333,False,22-09-2024 13:00
2,61,4.639608609700845,0.13377065072133743,True,22-09-2024 14:00
1,73,3.394184852694999,0.2943647836820238,True,22-09-2024 15:00
2,22,3.775367226560836,1.4094704356577077,False,22-09-2024 16:00
1,93,1.032498336995658,0.9045913136216785,True,22-09-2024 17:00
2,30,1.4189813787159493,0.7235130283603028,False,22-09-2024 18:00
1,3,4.8078677296814645,1.9902972134296626,True,22-09-2024 19:00
2,50,0.21187653297586817,1.853281466042461,True,22-09-2024 20:00
1,69,2.8937641825140585,0.22967304366128194,True,22-09-2024 21:00
2,75,1.8713979870379993,0.4308486805601728,False,22-09-2024 22:00
1,55,4.968227077022266,0.09189110521765076,False,22-09-2024 23:00
2,77,3.0196045528308586,0.8028523817259212,False,23-09-2024 00:00
1,34,1.689205750828472,0.33902376349861796,True,23-09-2024 01:00
2,17,3.288898970598612,1.5102651128680287,False,23-09-2024 02:00
1,25,1.3461237204596328,0.20365972429919355,False,23-09-2024 03:00
2,56,0.44258633012465687,1.0939714709187105,True,23-09-2024 04:00
1,100,3.6635250242440676,0.6316902061071941,True,23-09-2024 05:00
2,30,1.43827816983227,0.18332742503766708,True,23-09-2024 06:00
1,93,0.7380692857803284,0.38270215915226835,False,23-09-2024 07:00
2,17,1.5994223937031165,0.14552040495675334,True,23-09-2024 08:00
1,76,3.2587876793926136,0.14921787060191094,True,23-09-2024 09:00
2,56,4.357830129657118,1.8884850540066833,True,23-09-2024 10:00
1,20,4.790879528376345,0.4272360966568207,False,23-09-2024 11:00
2,16,2.688868663169979,1.210647668707047,False,23-09-2024 12:00
1,21,0.820583452790794,1.1763652176723465,False,23-09-2024 13:00
2,76,1.7892541418330599,0.9583264454304106,False,23-09-2024 14:00
1,18,4.251842442937649,1.0376492608950778,True,23-09-2024 15:00
2,68,2.9679494784978884,0.4854000418836797,True,23-09-2024 16:00
1,46,2.084562269470482,0.5905589490825689,True,23-09-2024 17:00
2,60,2.747480669818324,0.9022411700388615,True,23-09-2024 18:00
1,47,4.608288706437195,0.37373625764469565,False,23-09-2024 19:00
2,22,4.300053458861355,1.4588035283028913,True,23-09-2024 20:00
1,65,1.2783009260894007,1.669600048308029,True,23-09-2024 21:00
2,40,2.483826484280943,0.9998762199602078,False,23-09-2024 22:00
1,36,0.8321090992950403,1.5424960139155566,True,23-09-2024 23:00
2,49,2.849581387840721,1.164148047079629,True,24-09-2024 00:00
1,71,3.6960270140250517,1.7614511307108005,True,24-09-2024 01:00
2,79,3.6277890006467124,0.366304787764995,False,24-09-2024 02:00
1,82,3.8684150146435186,0.943213449377599,False,24-09-2024 03:00
2,38,2.2168635718945,0.4892820604998305,True,24-09-2024 04:00
1,27,0.5651678500640556,1.6619122025382065,False,24-09-2024 05:00
2,88,2.7772772359226456,1.4458216404030253,True,24-09-2024 06:00
1,15,3.406701695747378,0.283142708164541,False,24-09-2024 07:00
2,5,2.014128947324567,0.03724101139038272,False,24-09-2024 08:00
1,80,0.2636030601084116,0.8576745486189237,True,24-09-2024 09:00
2,52,2.5610940223100433,1.0590360740795315,False,24-09-2024 10:00
1,13,2.0958204163823697,1.2490946857543819,True,24-09-2024 11:00
2,91,4.9321488009599594,0.1688705154399035,True,24-09-2024 12:00
1,22,4.1811795291155445,1.8125178411184455,True,24-09-2024 13:00
2,40,1.1059683230016748,0.3555441723334747,True,24-09-2024 14:00
1,63,4.545331173695141,0.9560598799315152,False,24-09-2024 15:00
2,79,4.558826196032095,1.798737715840896,True,24-09-2024 16:00
1,32,2.9588679389212844,0.6491323362053609,False,24-09-2024 17:00
2,21,3.6436072437171796,0.5553182329636515,True,24-09-2024 18:00
1,4,0.9637518290018104,0.5733885526071707,False,24-09-2024 19:00
2,77,0.4147215279040889,0.17141029683051956,False,24-09-2024 20:00
1,9,1.5132022995766752,1.9057264662411746,False,24-09-2024 21:00
2,22,4.154364925396342,0.4467410958618563,True,24-09-2024 22:00
1,79,1.9907713802918536,0.12985204362468283,True,24-09-2024 23:00
2,1,3.216071802538534,1.943841832762703,False,25-09-2024 00:00
1,1,1.3479502642983188,0.9339665347192778,True,25-09-2024 01:00
2,99,2.9747994453012994,0.347823168010416,True,25-09-2024 02:00
1,79,0.6491503467358295,0.9582024642702867,True,25-09-2024 03:00
2,45,4.860334997563997,0.8519678454369632,True,25-09-2024 04:00
1,95,0.16269648131760683,0.9221841888150701,True,25-09-2024 05:00
2,17,0.8639773102008458,1.285732390803633,False,25-09-2024 06:00
1,54,1.2701833505907296,1.8389834677523351,False,25-09-2024 07:00
2,59,1.7622611557116896,0.42615905095701034,False,25-09-2024 08:00
1,87,1.935890229604413,0.022423415754668774,True,25-09-2024 09:00
2,36,4.456445373635614,0.08084771457521844,True,25-09-2024 10:00
1,67,1.7214473512037554,0.3922404414583718,False,25-09-2024 11:00
2,44,4.95406866791602,0.35428518199025727,True,25-09-2024 12:00
1,5,2.9795725340934593,1.2188857114946845,False,25-09-2024 13:00
2,53,4.9864383085443125,0.16062994718874446,False,25-09-2024 14:00
1,7,1.201231783130311,1.071485574603228,False,25-09-2024 15:00
2,44,4.557778632141807,1.3486574187064715,False,25-09-2024 16:00
1,97,1.8613378149945314,0.9934154980717309,True,25-09-2024 17:00
2,53,4.083140682590632,1.390411815417505,False,25-09-2024 18:00
1,84,1.4660244726292893,0.737746878760918,True,25-09-2024 19:00
2,79,0.45996633213185756,1.9609427149324758,True,25-09-2024 20:00
1,53,4.107818381972498,0.12963268528537397,False,25-09-2024 21:00
2,58,2.67889495036898,1.8614950506361683,False,25-09-2024 22:00
1,15,4.11682970793238,1.2556935994907164,True,25-09-2024 23:00
2,94,1.4585395712655491,0.040891122984211936,True,26-09-2024 00:00
1,86,3.7455975648643958,0.0980525621940489,True,26-09-2024 01:00
2,50,4.970686340054855,1.8069690263880955,False,26-09-2024 02:00
1,29,3.5812050455051536,1.4901636239974636,False,26-09-2024 03:00
2,61,4.676752780140766,0.8546302353017343,False,26-09-2024 04:00
1,83,1.7915641017332062,1.520506267626497,True,26-09-2024 05:00
2,92,0.12061451236239917,0.8190890415201086,False,26-09-2024 06:00
1,28,2.085971579998185,0.9517381570488879,False,26-09-2024 07:00
2,57,4.083195312228288,0.18883252666682182,False,26-09-2024 08:00
1,45,3.8445320374190572,0.08420501772112954,False,26-09-2024 09:00
2,75,2.4712881014812633,0.16655607587239696,True,26-09-2024 10:00
1,15,4.908010918441351,0.9779042072639481,True,26-09-2024 11:00
2,75,3.5911415516568805,0.667359918075332,False,26-09-2024 12:00
1,40,3.993890122738552,0.7828994113146235,False,26-09-2024 13:00
2,25,3.2943314736655664,0.46603467167481427,False,26-09-2024 14:00
1,100,4.4540271002991645,0.8871644694069254,False,26-09-2024 15:00
2,72,4.78427944838813,0.123347361106239,False,26-09-2024 16:00
1,27,4.234136181844595,0.1505876473978287,True,26-09-2024 17:00
2,7,1.9002086227931887,1.6946741698987626,False,26-09-2024 18:00
1,78,4.742649911319351,1.775674617535925,True,26-09-2024 19:00
2,99,3.5759143249954644,0.0422751742141676,False,26-09-2024 20:00
1,59,3.3663738559059837,0.8303928822276705,True,26-09-2024 21:00
2,75,1.0780371783272835,1.8625077061618875,True,26-09-2024 22:00
1,67,2.43092005330448,1.4283949979807669,True,26-09-2024 23:00
2,19,3.1103579177921903,1.7496171379695264,True,27-09-2024 00:00
1,70,1.2178655561010443,0.37216162905600725,False,27-09-2024 01:00
2,68,0.6166815589908653,1.3493257092385276,False,27-09-2024 02:00
1,9,2.564188161929353,0.2750600738482627,False,27-09-2024 03:00
2,42,2.2865596355214928,1.1830259975933783,True,27-09-2024 04:00
1,36,2.65149730240899,1.9089837930600038,True,27-09-2024 05:00
2,69,0.5106355477095842,1.5671321976430355,True,27-09-2024 06:00
1,23,3.2336616716087607,1.8280357726295984,True,27-09-2024 07:00
2,43,0.9534074556527261,1.7182577726476396,False,27-09-2024 08:00
1,17,1.0261209018511408,0.860455243513863,False,27-09-2024 09:00
2,77,3.3456891784511757,0.8541188571325411,False,27-09-2024 10:00
1,31,3.3710732962146173,0.8539076110768926,True,27-09-2024 11:00
2,36,3.203450792380955,0.845662877878764,False,27-09-2024 12:00
1,53,4.95831827116125,1.6572948506818272,True,27-09-2024 13:00
2,27,3.2699733565743685,0.17987029425948697,False,27-09-2024 14:00
1,72,2.6156905333659077,0.23515742147736085,False,27-09-2024 15:00
2,19,1.238483824787714,1.4503581843647018,True,27-09-2024 16:00
1,73,4.091476533762573,0.24280617038304886,False,27-09-2024 17:00
2,71,0.7209204070405523,0.9314120295724804,True,27-09-2024 18:00
1,30,1.4389164518297526,0.9462998373375775,False,27-09-2024 19:00
2,6,4.455213905565175,1.73536305032687,True,27-09-2024 20:00
1,24,3.227135502297247,1.3147944744623135,True,27-09-2024 21:00
2,42,1.4219356910048213,0.4862578751517366,False,27-09-2024 22:00
1,18,2.6346743197990325,1.1026940133157535,False,27-09-2024 23:00
2,8,3.4382070110790934,0.49109214910909516,True,28-09-2024 00:00
1,34,3.571171801922159,0.5029112731993133,False,28-09-2024 01:00
2,40,3.0575329144158174,0.5377460683700708,True,28-09-2024 02:00
1,35,3.3090959797174326,0.8282201971271481,False,28-09-2024 03:00
2,18,0.42001279590877294,0.01975376442509358,True,28-09-2024 04:00
1,60,0.19974251952723177,1.9226630607296191,False,28-09-2024 05:00
2,68,4.056640991138328,0.008615268059143588,True,28-09-2024 06:00
1,78,2.957639421466017,1.151665137249808,False,28-09-2024 07:00
2,61,0.8469496902174817,0.30328018725833994,False,28-09-2024 08:00
1,79,2.076522988505194,0.056963124149541855,False,28-09-2024 09:00
2,58,1.7011698774809365,0.32047992573492134,True,28-09-2024 10:00
1,3,2.4114302969045474,1.5789005906457556,False,28-09-2024 11:00
2,87,2.7823698998855257,1.3945518808415882,True,28-09-2024 12:00
1,75,2.1811915444095287,1.6309941166793218,True,28-09-2024 13:00
2,39,1.2342801194673942,1.405372146852284,True,28-09-2024 14:00
1,50,1.8272227143918323,1.981415163251248,True,28-09-2024 15:00
2,63,1.42083594447301,0.34287717543981877,False,28-09-2024 16:00
1,68,3.5870282016986006,0.8144112887970976,False,28-09-2024 17:00
2,96,3.4816553013739866,0.5129987458227561,False,28-09-2024 18:00
1,92,4.244770340476744,1.9695876050612815,False,28-09-2024 19:00
2,17,0.9087263456532846,1.797773139808951,False,28-09-2024 20:00
1,88,3.866863497091199,1.257484287358922,False,28-09-2024 21:00
2,52,1.6103671048921302,1.2266025407128884,True,28-09-2024 22:00
1,15,3.971964215262444,0.22527725411694743,True,28-09-2024 23:00
2,27,2.9367880204346553,1.785014094331876,True,29-09-2024 00:00
1,68,2.650334376234251,1.9542608185733432,False,29-09-2024 01:00
2,39,4.058361980140281,0.8210695640075931,False,29-09-2024 02:00
1,28,1.1933449720245592,1.7865984718539736,False,29-09-2024 03:00
2,69,0.508870277128603,0.4704807939169684,False,29-09-2024 04:00
1,99,1.1367050380661685,1.5701995277491982,False,29-09-2024 05:00
2,79,0.18283235972924805,0.7895387228078299,True,29-09-2024 06:00
1,76,3.3504143268905167,0.19518241038389972,True,29-09-2024 07:00
2,68,4.4467587609361985,1.479197448634598,False,29-09-2024 08:00
1,76,3.0736522728022493,0.2128009159502211,True,29-09-2024 09:00
2,99,2.7704232958038233,0.2429998810076679,True,29-09-2024 10:00
1,78,2.807985329634997,1.2590751034558054,True,29-09-2024 11:00
2,85,1.9671270581057676,1.8325221377882956,False,29-09-2024 12:00
1,33,2.501129412429308,0.6788829042615503,False,29-09-2024 13:00
2,28,1.4256758650262453,0.03969179704581238,False,29-09-2024 14:00
1,12,2.780884550289435,0.5375158432078906,False,29-09-2024 15:00
2,12,4.677436977029047,0.7610727668397408,True,29-09-2024 16:00
1,26,1.2419404595394123,0.3557156998174691,False,29-09-2024 17:00
2,52,1.6862748899737183,1.753243691133922,True,29-09-2024 18:00
1,52,0.6629444352929692,1.019004953972209,True,29-09-2024 19:00
2,93,4.237449505610412,1.1764727227891552,True,29-09-2024 20:00
1,17,3.575826584702373,0.7366566450060683,True,29-09-2024 21:00
2,78,2.7968373388809367,1.9073207348486767,False,29-09-2024 22:00
1,29,1.5199663371609877,0.9806572452417892,True,29-09-2024 23:00
2,4,1.7323881230277554,0.7162353326915036,True,30-09-2024 00:00
1,79,0.5592945544442618,0.8996522542150309,False,30-09-2024 01:00
2,90,0.04751750105661978,0.02073903643411512,True,30-09-2024 02:00
1,37,4.159213734842099,1.6609487833520422,False,30-09-2024 03:00
2,98,4.815590806710382,1.4172468208262605,True,30-09-2024 04:00
1,90,2.5073434519055473,0.9340206343396551,False,30-09-2024 05:00
2,67,2.6350983138574575,0.7609473531642039,True,30-09-2024 06:00
1,83,4.896199072613279,1.9982704209397448,False,30-09-2024 07:00
2,88,3.1718897166763464,1.2114801108934472,True,30-09-2024 08:00
1,8,3.4785438872460532,0.5296927714484934,False,30-09-2024 09:00
2,60,3.0048617246175224,0.45806952985884153,False,30-09-2024 10:00
1,16,1.2980134973175461,0.8467726410852159,False,30-09-2024 11:00
2,54,0.44190412339096874,0.9721565304464137,True,30-09-2024 12:00
1,57,4.034428506373775,0.4804426975520022,True,30-09-2024 13:00
2,22,0.8065525577298033,0.3064032904319862,False,30-09-2024 14:00
1,45,2.4678251639536524,1.1281561195021141,True,30-09-2024 15:00
2,11,4.941341740196318,1.0947507289678298,True,30-09-2024 16:00
1,52,2.707336811658252,1.5029035910994302,False,30-09-2024 17:00
2,23,1.2107543665609244,1.4210346313110451,False,30-09-2024 18:00
1,81,1.895942764821782,0.6057085501934283,False,30-09-2024 19:00
2,57,4.905587070748715,0.1729323292099203,True,30-09-2024 20:00
1,83,3.9293876657545095,1.0977911997560104,True,30-09-2024 21:00
2,33,3.0946027185221587,1.6943808998162817,False,30-09-2024 22:00
1,50,0.1835728762994665,0.59522579416686,False,30-09-2024 23:00
2,84,1.5769623219725477,1.2119158186855303,False,01-10-2024 00:00
1,16,0.67027927654225,0.7774220681634634,True,01-10-2024 01:00
2,67,2.9493127031450013,1.7798430969606516,False,01-10-2024 02:00
1,8,0.7076696187358417,1.1335086614890746,True,01-10-2024 03:00
2,15,3.2943674975498456,0.07204682023011877,False,01-10-2024 04:00
1,34,4.505238920902796,0.22434700102054395,True,01-10-2024 05:00
2,2,3.3220352006696032,1.1119943109979924,True,01-10-2024 06:00
1,88,0.5673830762511767,1.8676691429756116,False,01-10-2024 07:00
2,59,4.028838750619361,0.08049990960732467,True,01-10-2024 08:00
1,12,1.2550617368069235,0.8186330122829932,True,01-10-2024 09:00
2,7,1.3281702828091575,0.28383583771646204,True,01-10-2024 10:00
1,16,1.6516290312800086,1.4087588060794853,True,01-10-2024 11:00
2,22,4.305774994188324,1.2723018347217414,True,01-10-2024 12:00
1,20,2.1847635972075565,0.8881124356473358,False,01-10-2024 13:00
2,21,1.1426949017678516,0.30031430167572704,True,01-10-2024 14:00
1,70,3.1248873486268494,0.9429725527321902,False,01-10-2024 15:00
2,81,1.8333524916972728,0.2999268627423408,False,01-10-2024 16:00
1,69,1.966662220896282,1.388802382684155,True,01-10-2024 17:00
2,81,4.733639589664749,0.5929883020917206,False,01-10-2024 18:00
1,45,4.2011125454738405,1.8509947390155492,False,01-10-2024 19:00
2,79,1.2120559106746975,1.0642058834611436,True,01-10-2024 20:00
1,66,4.074568189001293,0.05903210663896852,False,01-10-2024 21:00
2,82,3.5020713812198023,1.5952787901694134,False,01-10-2024 22:00
1,53,4.495359401407838,1.7196002432998811,False,01-10-2024 23:00
2,89,0.9308778765404585,0.5564105272516271,True,02-10-2024 00:00
1,50,3.120243064629075,0.396339746834496,True,02-10-2024 01:00
2,63,3.8704226449032775,0.0886972186442887,False,02-10-2024 02:00
1,33,0.3657967162156639,0.46386085966580004,True,02-10-2024 03:00
2,55,0.7036707393348973,0.9164287741898058,False,02-10-2024 04:00
1,51,1.0522980699741629,1.56176045777133,True,02-10-2024 05:00
2,71,0.8728406663343358,1.2459550744308974,True,02-10-2024 06:00
1,35,0.9476707470800155,1.038826556696676,True,02-10-2024 07:00
2,97,4.202988538078169,0.8193041188815935,True,02-10-2024 08:00
1,91,4.822310983598773,1.8323526482097618,False,02-10-2024 09:00
2,55,1.5642279082583372,0.012047661647188956,True,02-10-2024 10:00
1,78,0.3459707565378062,1.3272280018286893,True,02-10-2024 11:00
2,65,3.0616691637204108,1.5018492913135832,True,02-10-2024 12:00
1,41,3.9936247094178206,0.7829993014914598,False,02-10-2024 13:00
2,74,1.6690289166336825,0.5146225348946736,False,02-10-2024 14:00
1,8,2.2424210674966414,0.603620200838836,False,02-10-2024 15:00
2,51,3.6869293233507348,0.3469926620999986,False,02-10-2024 16:00
1,97,0.25244038939119584,1.0966265877592003,False,02-10-2024 17:00
2,99,3.379614624986376,1.8795801873212181,False,02-10-2024 18:00
1,81,0.1797391141349608,0.2765500197876185,True,02-10-2024 19:00
2,13,4.4410816968263545,1.4079863101866221,False,02-10-2024 20:00
1,53,4.161675521641642,1.4681797506673637,False,02-10-2024 21:00
2,79,4.185345181478777,1.1604766930830857,True,02-10-2024 22:00
1,92,4.603085997268729,0.37746050208397364,True,02-10-2024 23:00
2,87,1.6508885258133028,1.0292073619918907,True,03-10-2024 00:00
1,26,3.029253360305693,1.0891613532870408,False,03-10-2024 01:00
2,53,1.7154612413323638,1.7332760380867753,True,03-10-2024 02:00
1,4,4.644501802097737,1.9966942095100766,True,03-10-2024 03:00
2,86,4.1571744494947795,1.344810076006091,True,03-10-2024 04:00
1,69,2.704062462363675,0.3513716967716374,False,03-10-2024 05:00
2,28,1.7611730136674686,0.746070263258394,False,03-10-2024 06:00
1,66,3.1410991269349013,1.86538102361212,False,03-10-2024 07:00
2,32,3.9851561665946345,1.4032268809617567,True,03-10-2024 08:00
1,83,4.525203351625322,1.5184965090697673,True,03-10-2024 09:00
2,98,0.4207261300442716,1.5138990656133013,False,03-10-2024 10:00
1,23,2.469422092066532,1.5947351249314934,True,03-10-2024 11:00
2,86,1.978674402773991,0.6502054091845668,True,03-10-2024 12:00
1,83,2.7964579413673873,0.569191670507222,True,03-10-2024 13:00
2,15,3.52669266734618,1.0812487781466933,True,03-10-2024 14:00
1,18,1.4077976627982458,0.9863869725785315,False,03-10-2024 15:00
2,0,4.794901056713077,0.8351251079196722,True,03-10-2024 16:00
1,65,4.246312690644341,1.3318971229733316,False,03-10-2024 17:00
2,72,1.3887226019128251,1.193152299543082,False,03-10-2024 18:00
1,69,1.6512318429026085,0.6821833945080953,False,03-10-2024 19:00
2,91,4.343626461275521,0.5543582466691628,False,03-10-2024 20:00
1,5,2.0793329610862514,1.6370144203525725,False,03-10-2024 21:00
2,28,3.888020540415158,1.5517278452174736,False,03-10-2024 22:00
1,61,3.096257105728793,1.9962874550055638,False,03-10-2024 23:00
2,84,0.07297639869655981,1.3269063078148835,True,04-10-2024 00:00
1,64,1.5792715182121742,0.29833210906766605,True,04-10-2024 01:00
2,5,4.7328840487869765,0.8032374574622605,True,04-10-2024 02:00
1,9,4.571610497759334,0.9639946754926516,True,04-10-2024 03:00
2,88,4.3860275769484875,1.847505038364896,True,04-10-2024 04:00
1,33,1.3717266413786229,1.7416975176096372,True,04-10-2024 05:00
2,63,2.2753838015052,1.9720399109112632,False,04-10-2024 06:00
1,54,4.094832087751052,1.3999637223126509,True,04-10-2024 07:00
2,98,4.676684896737847,0.4800406884287731,False,04-10-2024 08:00
1,64,1.1774762914352914,0.6776645931838132,True,04-10-2024 09:00
2,40,2.8571516449465673,1.316770545102157,False,04-10-2024 10:00
1,31,4.454475726463753,0.5468548838351186,True,04-10-2024 11:00
2,54,2.0776771657890643,1.1204785960439332,True,04-10-2024 12:00
1,13,3.6649854904248707,0.5647242575956817,True,04-10-2024 13:00
2,31,1.3116243415370272,0.12060242404506316,False,04-10-2024 14:00
1,29,1.4678716738945574,1.6014775128876888,False,04-10-2024 15:00
2,61,3.5866957215687645,1.9999944439834074,True,04-10-2024 16:00
1,50,0.20843914080369452,1.204212089413423,True,04-10-2024 17:00
2,8,4.663560801724033,0.12220223883165371,True,04-10-2024 18:00
1,28,1.9117933295640877,0.47937003068466666,True,04-10-2024 19:00
2,57,3.1835764211882402,1.2716728836935975,True,04-10-2024 20:00
1,58,2.386130685812138,0.5209874577446572,False,04-10-2024 21:00
2,23,4.234238501631722,1.5992279753013554,True,04-10-2024 22:00
1,61,4.864072561337018,0.37288934531948215,False,04-10-2024 23:00
2,17,4.091820484951039,0.03325865847129594,False,05-10-2024 00:00
1,99,4.688716468473405,1.2946848252047891,False,05-10-2024 01:00
2,24,1.412723902817909,0.39522270490872624,True,05-10-2024 02:00
1,64,2.4912129712621587,1.3511160834763325,True,05-10-2024 03:00
2,66,4.706942041799056,0.85830366401547,False,05-10-2024 04:00
1,72,0.8975667615347543,0.3536753332196425,True,05-10-2024 05:00
2,35,0.24397497941871626,1.089110031176255,False,05-10-2024 06:00
1,100,2.6635099294967906,0.05668170424927399,False,05-10-2024 07:00
2,76,2.0699197419841573,0.6802783196627662,False,05-10-2024 08:00
1,22,0.3412649896196429,0.21948804044484915,False,05-10-2024 09:00
2,56,1.9562298247924992,1.8271694709950967,False,05-10-2024 10:00
1,72,3.4871748589450533,0.7326436217524106,True,05-10-2024 11:00
2,69,2.0784987863299498,1.0550868433248328,True,05-10-2024 12:00
1,44,3.0943414427222042,0.46832202340589824,False,05-10-2024 13:00
2,18,0.5015505365174538,0.49106332843716394,False,05-10-2024 14:00
1,66,4.761557374335018,1.356721529640045,False,05-10-2024 15:00
2,24,0.15695930934694957,1.7673717854611142,False,05-10-2024 16:00
1,98,2.2164311059909734,0.24734626247004887,False,05-10-2024 17:00
2,99,3.104108788000733,0.26320061596098787,True,05-10-2024 18:00
1,72,1.3209850669107563,1.4245073784780062,False,05-10-2024 19:00
2,36,2.0599659948345557,1.8317742812694218,True,05-10-2024 20:00
1,42,2.7246508583207367,0.6625249831219406,True,05-10-2024 21:00
2,83,3.906233265910225,1.5570245513761105,True,05-10-2024 22:00
1,12,3.197798150232774,1.7017135462295059,False,05-10-2024 23:00
2,1,2.0250491989448287,1.4979980687678431,True,06-10-2024 00:00
1,30,1.7005184151277808,1.2347348457108631,False,06-10-2024 01:00
2,5,2.3193232243543216,0.5784908087174307,False,06-10-2024 02:00
1,48,0.7894216446924579,0.07631447319858342,True,06-10-2024 03:00
2,45,3.1581553678704024,1.266713068607306,False,06-10-2024 04:00
1,70,0.23752205832936246,0.8236506645272283,True,06-10-2024 05:00
2,63,0.9756170754367577,0.1663817553370044,True,06-10-2024 06:00
1,89,4.3847372454858,1.4084984673779466,False,06-10-2024 07:00
2,82,3.254032348443174,1.834443978004747,True,06-10-2024 08:00
1,47,0.17561296797868386,0.026607940233609018,False,06-10-2024 09:00
2,30,3.457542744780162,0.27179094160031037,False,06-10-2024 10:00
1,64,3.570203406483285,0.4820642414498024,False,06-10-2024 11:00
2,19,2.1286720856127155,0.8749810532412359,True,06-10-2024 12:00
1,36,3.3381197357923167,0.8044438866565646,True,06-10-2024 13:00
2,64,0.02141086604557585,1.479415656385773,True,06-10-2024 14:00
1,26,2.2087406406737125,1.567125375634908,True,06-10-2024 15:00
2,58,0.14895896052230906,0.2916948801335293,False,06-10-2024 16:00
1,67,0.891005927117513,0.6227513302456804,False,06-10-2024 17:00
2,59,1.8748703079711566,1.9856467815694578,False,06-10-2024 18:00
1,91,0.1103781751313554,0.8075197014599009,False,06-10-2024 19:00
2,70,3.534512089667473,0.6073287186803107,False,06-10-2024 20:00
1,55,2.970402121907579,0.809942685725749,False,06-10-2024 21:00
2,97,0.2076371914909697,1.4007340013285747,True,06-10-2024 22:00
1,35,4.70331399680406,1.1314549604703812,True,06-10-2024 23:00
2,38,1.198782935215682,0.08338956110590012,True,07-10-2024 00:00
1,77,3.1806416894461327,1.9998687684595702,False,07-10-2024 01:00
2,17,2.4909274203493363,0.6456230149296156,False,07-10-2024 02:00
1,22,1.468264784380866,0.6532645957371361,False,07-10-2024 03:00
2,16,2.8788398053097386,0.1416888150931046,True,07-10-2024 04:00
1,60,1.4239512680339028,0.03448628561433287,False,07-10-2024 05:00
2,33,3.723778290986719,1.8248472406700165,False,07-10-2024 06:00
1,23,0.2952040900940145,1.3893847560812735,True,07-10-2024 07:00
2,68,1.354074573930888,0.8449539822680525,True,07-10-2024 08:00
1,35,4.165567896619354,1.015177470284292,True,07-10-2024 09:00
2,67,3.221054210805065,0.5996872000181837,False,07-10-2024 10:00
1,53,0.8840830467864014,1.5761467032731684,True,07-10-2024 11:00
2,70,3.4550891376679047,1.1996213882214548,True,07-10-2024 12:00
1,94,4.2891295332489685,1.2976744587232516,True,07-10-2024 13:00
2,57,2.585914601458761,0.9811209889773986,False,07-10-2024 14:00
1,12,1.5302290812788306,0.3903306411123162,True,07-10-2024 15:00
2,62,0.5814335762884615,0.06610345492184111,False,07-10-2024 16:00
1,0,2.042988796265634,1.5900405576685759,True,07-10-2024 17:00
2,59,0.7907819176152853,0.03319665583185327,False,07-10-2024 18:00
1,5,0.6627962565264639,1.8055560180452153,False,07-10-2024 19:00
2,92,4.525231613226872,1.0249740466931605,False,07-10-2024 20:00
1,74,0.5740705372062027,0.9392090972488905,False,07-10-2024 21:00
2,91,1.7112732094128091,1.3398846163016376,True,07-10-2024 22:00
1,27,2.7367457328008484,1.7571887826756427,True,07-10-2024 23:00
2,9,3.142913443347408,1.4285854508041351,False,08-10-2024 00:00
1,11,4.057944681675705,1.6815704465438563,True,08-10-2024 01:00
2,74,4.129045005324969,1.3893914977838484,True,08-10-2024 02:00
1,1,3.7331649816753703,0.009780678539374366,False,08-10-2024 03:00
2,14,4.21650474646532,0.26125347644795105,True,08-10-2024 04:00
1,43,0.9240000194321779,1.4700879853399806,False,08-10-2024 05:00
2,48,0.12804213392208996,0.5594142374711877,False,08-10-2024 06:00
1,92,2.8476675600777224,0.8238957689626243,True,08-10-2024 07:00
2,26,4.334226983024134,1.9152438635429059,True,08-10-2024 08:00
1,8,3.5086468316646746,0.8788095733833468,True,08-10-2024 09:00
2,37,4.3153571155722785,0.4020689303268763,True,08-10-2024 10:00
1,75,3.3983435479525204,0.010332430812986626,True,08-10-2024 11:00
2,63,3.9734964707741955,0.7572080809360067,True,08-10-2024 12:00
1,71,1.3690988761837324,1.9934533552286384,False,08-10-2024 13:00
2,91,3.774020674901331,1.5250858887621475,True,08-10-2024 14:00
1,30,0.6825742772869442,0.88441600870243,False,08-10-2024 15:00
2,35,3.3841521508229477,0.4954243811508836,False,08-10-2024 16:00
1,59,0.2544410154786614,0.9176989410643894,True,08-10-2024 17:00
2,64,4.024350951928009,0.36972456225669315,True,08-10-2024 18:00
1,11,0.3268313108811033,1.2335507951110898,False,08-10-2024 19:00
2,81,4.75845532588685,0.8860663827455797,True,08-10-2024 20:00
1,30,3.5652048898934003,0.35432522228482144,False,08-10-2024 21:00
2,57,4.25983584998521,1.7999079289904754,False,08-10-2024 22:00
1,22,1.7086182172917286,0.921383489385976,True,08-10-2024 23:00
2,65,3.3783318854016904,0.5055340694639718,True,09-10-2024 00:00
1,76,1.1966723430304227,1.826694803672299,False,09-10-2024 01:00
2,56,4.882264099853812,1.7511119590710262,True,09-10-2024 02:00
1,0,4.81476640294048,0.9042453151384702,False,09-10-2024 03:00
2,48,3.1501097220972447,0.18065175004703415,False,09-10-2024 04:00
1,82,4.49348937271962,0.19492569446743135,True,09-10-2024 05:00
2,96,4.602874139883205,0.4505227266400951,True,09-10-2024 06:00
1,80,3.3672975188293854,1.3009158901125386,False,09-10-2024 07:00
2,0,2.601705270161821,0.9845648724070901,False,09-10-2024 08:00
1,7,4.392404171965742,1.009032848525296,False,09-10-2024 09:00
2,70,3.5281697891436647,0.28785220241538845,False,09-10-2024 10:00
1,89,4.087530963683475,1.022708651390804,False,09-10-2024 11:00
2,47,3.595702904224299,0.30447649357745177,False,09-10-2024 12:00
1,77,4.555278080064583,1.5023351741209698,True,09-10-2024 13:00
2,23,4.977029512938746,0.3842400894886562,True,09-10-2024 14:00
1,41,4.87905674122745,0.4952434733377711,False,09-10-2024 15:00
2,62,0.48818004045469654,1.0919250152872448,False,09-10-2024 16:00
1,0,4.405831336756262,0.5163251666908346,False,09-10-2024 17:00
2,11,0.6552936737572657,0.7693663269718485,True,09-10-2024 18:00
1,61,1.6451403122761143,1.6259512067215935,False,09-10-2024 19:00
2,73,1.5449665046345777,1.128200042697641,False,09-10-2024 20:00
1,33,2.2505520657629976,0.625845005889087,False,09-10-2024 21:00
2,23,3.5083204451038337,0.5631174720791052,False,09-10-2024 22:00
1,99,2.037999091834195,1.7549345726425245,False,09-10-2024 23:00
2,94,3.143745705430694,1.7156866611782644,True,10-10-2024 00:00
1,25,4.150088048520778,0.9658614929907434,True,10-10-2024 01:00
2,66,4.911962507630431,0.23200696720620373,False,10-10-2024 02:00
1,76,3.3069974818908103,1.019566878166005,True,10-10-2024 03:00
2,98,3.196958022142799,0.3774344130174736,True,10-10-2024 04:00
1,30,3.3667901213958995,1.1987908362076114,True,10-10-2024 05:00
2,73,1.844627000046139,0.7792503697946369,False,10-10-2024 06:00
1,51,4.993068473018166,0.03603705557904768,False,10-10-2024 07:00
2,96,0.6737846886927379,0.05284415144466914,True,10-10-2024 08:00
1,46,4.227271941194396,0.8903531027402325,False,10-10-2024 09:00
2,22,4.961569542256796,1.8295881040483024,True,10-10-2024 10:00
1,87,0.15775636142852767,1.1114547356270754,False,10-10-2024 11:00
2,35,2.929203702877643,1.5384769006904961,True,10-10-2024 12:00
1,72,2.6564289373729846,0.23849699180469952,False,10-10-2024 13:00
2,69,4.352743588460549,0.7150731527523329,True,10-10-2024 14:00
1,45,4.1404479356778054,0.21260977130982717,False,10-10-2024 15:00
2,45,2.192481414271263,1.0098252596225528,True,10-10-2024 16:00
1,53,4.451765423081624,1.219843237907376,False,10-10-2024 17:00
2,1,4.483749576844031,1.5574733644916277,True,10-10-2024 18:00
1,12,0.28380319755415606,0.40802215701421374,True,10-10-2024 19:00
2,6,0.8948986293992645,0.3671488743531035,True,10-10-2024 20:00
1,24,2.2059830409099774,0.7835232453976348,False,10-10-2024 21:00
2,3,0.02056029340099963,0.913685929908786,True,10-10-2024 22:00
1,64,3.814536918939792,0.560057176492156,True,10-10-2024 23:00
2,48,0.47470605255392706,0.08917720881056868,True,11-10-2024 00:00
1,70,2.9524377813442526,1.749938368200275,False,11-10-2024 01:00
2,14,1.4403580264122484,1.6499742948318945,True,11-10-2024 02:00
1,39,0.8428872936984882,1.3341358781934813,False,11-10-2024 03:00
2,39,4.924328278879314,1.7592005392434633,True,11-10-2024 04:00
1,78,1.9298028563941039,1.1545143392985846,True,11-10-2024 05:00
2,4,4.328690010970765,1.5150973042198752,True,11-10-2024 06:00
1,6,0.48563485538892226,0.5152568037171619,False,11-10-2024 07:00
2,71,0.7458501765985021,0.2541177468328544,False,11-10-2024 08:00
1,45,4.199742914901229,1.8888430160748264,False,11-10-2024 09:00
2,64,3.9546115989035635,0.15124034413677423,False,11-10-2024 10:00
1,50,4.948389103444411,1.031389723117684,True,11-10-2024 11:00
2,77,3.2408128835331778,1.22962009900543,True,11-10-2024 12:00
1,21,4.423557708797286,1.8834737702848865,True,11-10-2024 13:00
2,41,0.21848016617362853,0.5049464942241386,True,11-10-2024 14:00
1,66,0.6622849279852994,0.2951950127030525,False,11-10-2024 15:00
2,89,4.747629345413588,0.45452081732066074,False,11-10-2024 16:00
1,78,1.3321971832857766,1.7403742807100526,False,11-10-2024 17:00
2,73,2.1066426521578574,0.3187261704263886,True,11-10-2024 18:00
1,3,2.4023420280682517,1.714955259514028,True,11-10-2024 19:00
2,40,1.755968152660143,0.956268263025031,False,11-10-2024 20:00
1,39,3.4169021418299077,0.12945749133603401,True,11-10-2024 21:00
2,55,4.480107326217192,0.6088152893374961,True,11-10-2024 22:00
1,36,1.3470842116975486,1.3080652919086622,True,11-10-2024 23:00
2,66,1.0187295293092906,0.8542051002065569,True,12-10-2024 00:00
1,56,4.584665036050409,0.9020484624050444,True,12-10-2024 01:00
2,91,0.5685038706856665,0.24310867412154846,False,12-10-2024 02:00
1,44,0.20224166006601763,0.7307869660031197,False,12-10-2024 03:00
2,36,0.6523826816738698,0.7929317404118237,False,12-10-2024 04:00
1,23,4.6168660936353305,0.7240141909572622,True,12-10-2024 05:00
2,67,1.7970131161122431,1.1245812347437565,True,12-10-2024 06:00
1,95,2.6244358095866174,1.945078349702599,True,12-10-2024 07:00
2,69,3.0843902601039357,1.3572618657254834,False,12-10-2024 08:00
1,66,4.3597740849120346,0.23547475290551323,False,12-10-2024 09:00
2,99,4.952378680966186,0.536398062469148,True,12-10-2024 10:00
1,88,4.911821134387612,1.010993921263554,True,12-10-2024 11:00
2,75,2.0190192461658047,0.6692254347924123,True,12-10-2024 12:00
1,57,2.3071185168222734,1.72777402861646,True,12-10-2024 13:00
2,1,3.287861969160863,1.9732579894749998,True,12-10-2024 14:00
1,66,4.688131836277697,1.618038397750873,True,12-10-2024 15:00
2,48,3.999351750792198,1.1125534450753216,False,12-10-2024 16:00
1,37,1.5136509687078115,0.9175374165581707,True,12-10-2024 17:00
2,42,3.8806220199279764,0.3007696619200628,True,12-10-2024 18:00
1,98,4.066940331805523,0.2587026846173608,False,12-10-2024 19:00
2,52,3.5986772538247314,1.3690402939394288,True,12-10-2024 20:00
1,3,3.645511882475426,0.23284720921168134,False,12-10-2024 21:00
2,71,3.0451145067796603,0.5553902609176744,False,12-10-2024 22:00
1,66,3.728995305326839,1.4503822228940084,False,12-10-2024 23:00
2,29,3.853121687239565,0.713524074785379,True,13-10-2024 00:00
1,32,1.4158448196532096,1.6577968549308635,False,13-10-2024 01:00
2,84,3.694262327435146,1.704468635849121,True,13-10-2024 02:00
1,42,0.8001418845637254,1.0778641037065013,False,13-10-2024 03:00
2,20,1.1380233822502295,0.5695376206647256,False,13-10-2024 04:00
1,20,4.220974691878958,1.153135308728874,True,13-10-2024 05:00
2,45,0.25925657624786325,1.801119083043378,True,13-10-2024 06:00
1,88,1.5296477975311928,0.7122673795537751,False,13-10-2024 07:00
2,82,2.0380392689757314,1.173336105247313,False,13-10-2024 08:00
1,75,1.7879654289638842,0.9425691474686226,False,13-10-2024 09:00
2,0,3.0752677774576505,0.5162658435710039,False,13-10-2024 10:00
1,31,1.8216025355284815,1.572504068652869,True,13-10-2024 11:00
2,16,4.662957937420683,1.436718741436971,False,13-10-2024 12:00
1,47,2.5131516849260276,1.796704724900675,False,13-10-2024 13:00
2,25,4.705648314898003,1.7653912522649997,True,13-10-2024 14:00
1,95,1.0223815272611487,1.177255786182892,True,13-10-2024 15:00
2,63,1.7985459852958408,0.311399506425029,False,13-10-2024 16:00
1,37,1.7989153514805911,0.33196264887369353,False,13-10-2024 17:00
2,16,3.8425540564932055,1.3166612425458908,False,13-10-2024 18:00
1,56,4.999381459832336,0.8013534977692931,True,13-10-2024 19:00
2,43,4.69383463704175,1.361538223599826,True,13-10-2024 20:00
1,88,2.988894471899468,0.9741748817022322,False,13-10-2024 21:00
2,6,2.5766318758479567,1.1429772531445712,False,13-10-2024 22:00
1,52,3.240377145524691,0.2924217698560754,True,13-10-2024 23:00
2,60,3.705168046166417,0.08068842303709856,True,14-10-2024 00:00
1,81,0.9104989046361811,0.9302646245619564,False,14-10-2024 01:00
2,79,1.516462004373681,0.9821632594487495,False,14-10-2024 02:00
1,43,0.23656908659685116,1.720397235046182,True,14-10-2024 03:00
2,37,4.233694842467553,1.5795852942338504,True,14-10-2024 04:00
1,21,0.1977972786756882,1.3860042480852601,False,14-10-2024 05:00
2,85,3.7803765544524244,1.7305169493400105,True,14-10-2024 06:00
1,60,1.67566578599314,1.354420231235047,True,14-10-2024 07:00
2,16,0.9542889739082827,1.480895760247904,False,14-10-2024 08:00
1,52,4.143617875517932,0.8924415569025328,False,14-10-2024 09:00
2,51,4.853077634983941,1.2279834525365498,True,14-10-2024 10:00
1,67,2.190414623552411,0.1996306365511944,False,14-10-2024 11:00
2,98,2.3713177156176535,1.0024107201839505,True,14-10-2024 12:00
1,27,1.3515389619955454,1.937010421545842,True,14-10-2024 13:00
2,73,1.1279163917227852,0.838177593003913,False,14-10-2024 14:00
1,27,0.017279521456961544,1.8302741851760906,True,14-10-2024 15:00
2,26,4.364198382589741,1.2142341304835842,False,14-10-2024 16:00
1,21,4.5467089444600965,1.9210692722710843,True,14-10-2024 17:00
2,86,1.4906412474789743,0.39783540016054597,False,14-10-2024 18:00
1,57,2.3133334232442366,0.7376588390027228,False,14-10-2024 19:00
2,62,0.12891768376657675,0.49141883792705343,False,14-10-2024 20:00
1,87,1.614205561891953,1.5501757780879724,True,14-10-2024 21:00
2,2,3.388336215957814,0.7328116076877162,True,14-10-2024 22:00
1,66,0.2832876894844266,1.5203308335614296,True,14-10-2024 23:00
2,27,1.9726557311319715,0.9243495350121345,False,15-10-2024 00:00
1,41,0.08078391431837695,0.3958894936002486,True,15-10-2024 01:00
2,19,1.6965916747705316,0.20216968182397288,False,15-10-2024 02:00
1,81,1.6073587868333665,0.09555881614962836,True,15-10-2024 03:00
2,98,2.4538588180607164,0.48225218696404326,True,15-10-2024 04:00
1,96,0.05186295383541373,0.6423297619105626,True,15-10-2024 05:00
2,28,3.393573791485245,1.0523486162324671,False,15-10-2024 06:00
1,30,0.4289092947737727,0.1988344523479877,True,15-10-2024 07:00
2,25,4.963855993071489,1.3163679175323262,True,15-10-2024 08:00
1,66,3.80905983300506,0.6010046864362655,True,15-10-2024 09:00
2,80,2.818009115628626,1.1096761555178924,True,15-10-2024 10:00
1,71,0.6485566615674387,1.5028662746831407,True,15-10-2024 11:00
2,30,4.771521537381751,0.9349752448404223,False,15-10-2024 12:00
1,3,3.2893481606315027,1.468504711368684,False,15-10-2024 13:00
2,60,3.351041924867278,1.8258188997249911,False,15-10-2024 14:00
1,45,3.4641907158687824,1.7151882338841262,False,15-10-2024 15:00
2,4,2.1133266597880223,1.9796546217790947,False,15-10-2024 16:00
1,30,4.538274960394332,0.39459704878244883,True,15-10-2024 17:00
2,78,3.4249686706654012,1.3123749730806638,True,15-10-2024 18:00
1,56,0.15650585699480857,0.16342706819862451,True,15-10-2024 19:00
2,54,0.13075772736564517,0.5363916335066761,False,15-10-2024 20:00
1,58,4.472127120592236,1.7938391421197026,False,15-10-2024 21:00
2,16,3.4059905246856372,0.5365872955590967,False,15-10-2024 22:00
1,43,3.0871433665594687,0.49425962285466274,True,15-10-2024 23:00
2,14,1.6167233531577812,1.079444654081806,False,16-10-2024 00:00
1,98,3.995263217256015,0.5641420668296011,False,16-10-2024 01:00
2,43,3.1371014398258645,1.068875166415531,True,16-10-2024 02:00
1,4,3.794805307882107,0.5393749395040588,False,16-10-2024 03:00
2,40,2.464413996014975,0.1307794938357556,True,16-10-2024 04:00
1,24,4.175262028446775,1.7136368944252027,False,16-10-2024 05:00
2,62,1.0709780121394619,0.16770004485382817,True,16-10-2024 06:00
1,2,0.8148402001020483,1.3609042329131542,False,16-10-2024 07:00
2,88,4.941104620718717,0.352009578637007,True,16-10-2024 08:00
1,12,1.2965496716110643,1.6518676457588877,False,16-10-2024 09:00
2,93,0.17671382506650568,0.38683840658142987,False,16-10-2024 10:00
1,3,0.30733435569654466,1.187237780009136,False,16-10-2024 11:00
2,49,3.889983519381541,1.4838324266762326,False,16-10-2024 12:00
1,14,4.5347935914583015,1.6161724612411343,False,16-10-2024 13:00
2,93,0.003132923482467853,1.9505349116146176,True,16-10-2024 14:00
1,50,2.761700298168577,0.9021349622723069,True,16-10-2024 15:00
2,47,3.8690835122267346,1.7402531972998962,True,16-10-2024 16:00
1,2,0.7617567850674933,1.3645789656680112,True,16-10-2024 17:00
2,7,2.4903625510869305,0.4281097728384291,False,16-10-2024 18:00
1,34,0.26924465033673795,1.1180893693004321,True,16-10-2024 19:00
2,14,2.5308225398440065,0.2916665999909449,False,16-10-2024 20:00
1,34,2.6528039958849585,1.4542955630877341,False,16-10-2024 21:00
2,70,4.278849683321862,1.4399146906327822,True,16-10-2024 22:00
1,67,2.165835220595617,0.6484732057259759,False,16-10-2024 23:00
2,17,4.080575139231833,1.413333476269433,True,17-10-2024 00:00
1,85,4.284094421730781,0.5160665681441272,True,17-10-2024 01:00
2,50,0.7645975652869624,0.2492134093714189,True,17-10-2024 02:00
1,92,4.1888722053673995,0.2299000250004115,True,17-10-2024 03:00
2,63,3.9827220169725077,1.5909365727241445,True,17-10-2024 04:00
1,95,4.703897467415205,0.04276181052185346,True,17-10-2024 05:00
2,97,3.146540977889389,0.2704301616712308,False,17-10-2024 06:00
1,29,4.311146815666676,0.24935966909327734,True,17-10-2024 07:00
2,56,1.915643518811006,1.0654592594592884,False,17-10-2024 08:00
1,29,3.1034475321609962,1.3997959152169692,False,17-10-2024 09:00
2,94,2.716804457488725,0.15457486489491057,True,17-10-2024 10:00
1,93,4.455493455484994,0.7557714112273495,True,17-10-2024 11:00
2,87,3.5910680793063725,1.2433527261795017,False,17-10-2024 12:00
1,27,2.051463440538247,1.724175347582968,False,17-10-2024 13:00
2,84,2.0566969012683183,0.7159049781270161,False,17-10-2024 14:00
1,88,1.7434304283414748,1.752733728279958,False,17-10-2024 15:00
2,39,0.5359684816193377,1.6951929374719317,True,17-10-2024 16:00
1,74,1.2458704784667947,0.06002241576053402,False,17-10-2024 17:00
2,92,4.892132125568512,1.353965986663598,True,17-10-2024 18:00
1,19,4.263313488757436,0.17213029195992546,False,17-10-2024 19:00
2,30,2.329373679959681,1.3245381154703988,False,17-10-2024 20:00
1,99,2.305940178715641,0.3498614979302517,False,17-10-2024 21:00
2,63,4.248837747621382,0.005897261022902889,True,17-10-2024 22:00
1,52,3.9261867130337755,1.7929506636526167,True,17-10-2024 23:00
2,100,1.455232003110748,1.8797632559563526,False,18-10-2024 00:00
1,0,4.267311074310371,1.3099512101565949,False,18-10-2024 01:00
2,66,3.693553329421487,1.702483305304733,True,18-10-2024 02:00
1,99,1.07944029308348,0.9262880973051539,True,18-10-2024 03:00
2,13,0.4064221315024913,0.8817202170218359,True,18-10-2024 04:00
1,30,1.2540124286362264,0.1815967739146751,True,18-10-2024 05:00
2,99,1.8451061981623762,1.0008133471887042,False,18-10-2024 06:00
1,36,1.2390223075258011,0.7661474737172687,False,18-10-2024 07:00
2,70,1.5993224527406986,0.20932112026694338,False,18-10-2024 08:00
1,11,0.29495359296176304,1.3371409739057825,False,18-10-2024 09:00
2,15,2.8624179963938587,1.8066344085147708,False,18-10-2024 10:00
1,4,1.8191263530779178,0.7703035604824564,True,18-10-2024 11:00
2,73,0.978282971061914,1.2395568887444752,False,18-10-2024 12:00
1,63,3.94110043898991,1.2592603691274755,False,18-10-2024 13:00
2,63,0.9035396668644685,0.5578066494744041,False,18-10-2024 14:00
1,37,0.15473619374847092,0.2865355025980876,False,18-10-2024 15:00
2,21,2.625126526537974,1.191501191885916,False,18-10-2024 16:00
1,55,3.2865297520812096,0.8072733166200818,False,18-10-2024 17:00
2,74,1.7148666817472291,0.8585155742993895,False,18-10-2024 18:00
1,24,2.3118208579997983,1.370706497955467,True,18-10-2024 19:00
2,29,4.4905108675902285,1.7156393685273366,True,18-10-2024 20:00
1,48,4.8101699798781175,1.4469967461604898,False,18-10-2024 21:00
2,85,0.28158973885597294,1.890068903480377,False,18-10-2024 22:00
1,55,0.35425803405670586,0.4368936422586205,False,18-10-2024 23:00
2,62,2.379278648706103,1.9681428914477161,False,19-10-2024 00:00
